code,source_file,width,height,mae_rgb,rmse_rgb,exact_pixel_ratio,max_iter,plateau_limit,seed,svg_path
AC0800,AC0800_L.jpg,30,30,53.365556,65.089110,0.146667,120,36,42,C:/Users/marku/myCloud/TinyLanguage/artifacts/converted_symbols/optimized_roundtrip/all_candidates/iter120_plat36_seed42/AC0800.svg
AC0800,AC0800_L.jpg,30,30,53.850000,65.462771,0.144444,240,72,42,C:/Users/marku/myCloud/TinyLanguage/artifacts/converted_symbols/optimized_roundtrip/all_candidates/iter240_plat72_seed42/AC0800.svg
AC0800,AC0800_L.jpg,30,30,53.850000,65.462771,0.144444,360,108,42,C:/Users/marku/myCloud/TinyLanguage/artifacts/converted_symbols/optimized_roundtrip/all_candidates/iter360_plat108_seed42/AC0800.svg
AC0800,AC0800_L.jpg,30,30,53.734444,65.376219,0.144444,240,72,1337,C:/Users/marku/myCloud/TinyLanguage/artifacts/converted_symbols/optimized_roundtrip/all_candidates/iter240_plat72_seed1337/AC0800.svg
AC0800,AC0800_L.jpg,30,30,53.850000,65.462771,0.144444,480,144,42,C:/Users/marku/myCloud/TinyLanguage/artifacts/converted_symbols/optimized_roundtrip/all_candidates/iter480_plat144_seed42/AC0800.svg
AC0800,AC0800_L.jpg,30,30,43.694444,62.713467,0.151111,0,0,0,artifacts/converted_symbols/svg/AC0800.svg
AC0811,AC0811_L.jpg,25,45,32.536000,49.015381,0.404444,120,36,42,C:/Users/marku/myCloud/TinyLanguage/artifacts/converted_symbols/optimized_roundtrip/all_candidates/iter120_plat36_seed42/AC0811.svg
AC0811,AC0811_L.jpg,25,45,32.536000,49.015381,0.404444,240,72,42,C:/Users/marku/myCloud/TinyLanguage/artifacts/converted_symbols/optimized_roundtrip/all_candidates/iter240_plat72_seed42/AC0811.svg
AC0811,AC0811_L.jpg,25,45,32.536000,49.015381,0.404444,360,108,42,C:/Users/marku/myCloud/TinyLanguage/artifacts/converted_symbols/optimized_roundtrip/all_candidates/iter360_plat108_seed42/AC0811.svg
AC0811,AC0811_L.jpg,25,45,32.536000,49.015381,0.404444,240,72,1337,C:/Users/marku/myCloud/TinyLanguage/artifacts/converted_symbols/optimized_roundtrip/all_candidates/iter240_plat72_seed1337/AC0811.svg
AC0811,AC0811_L.jpg,25,45,32.536000,49.015381,0.404444,480,144,42,C:/Users/marku/myCloud/TinyLanguage/artifacts/converted_symbols/optimized_roundtrip/all_candidates/iter480_plat144_seed42/AC0811.svg
AC0811,AC0811_L.jpg,25,45,24.130667,44.455191,0.399111,0,0,0,artifacts/converted_symbols/svg/AC0811.svg
AC0812,AC0812_L.jpg,45,25,28.667556,44.938941,0.471111,120,36,42,C:/Users/marku/myCloud/TinyLanguage/artifacts/converted_symbols/optimized_roundtrip/all_candidates/iter120_plat36_seed42/AC0812.svg
AC0812,AC0812_L.jpg,45,25,28.667556,44.938941,0.471111,240,72,42,C:/Users/marku/myCloud/TinyLanguage/artifacts/converted_symbols/optimized_roundtrip/all_candidates/iter240_plat72_seed42/AC0812.svg
AC0812,AC0812_L.jpg,45,25,28.667556,44.938941,0.471111,360,108,42,C:/Users/marku/myCloud/TinyLanguage/artifacts/converted_symbols/optimized_roundtrip/all_candidates/iter360_plat108_seed42/AC0812.svg
AC0812,AC0812_L.jpg,45,25,28.667556,44.938941,0.471111,240,72,1337,C:/Users/marku/myCloud/TinyLanguage/artifacts/converted_symbols/optimized_roundtrip/all_candidates/iter240_plat72_seed1337/AC0812.svg
AC0812,AC0812_L.jpg,45,25,28.667556,44.938941,0.471111,480,144,42,C:/Users/marku/myCloud/TinyLanguage/artifacts/converted_symbols/optimized_roundtrip/all_candidates/iter480_plat144_seed42/AC0812.svg
AC0812,AC0812_L.jpg,45,25,23.922667,44.255270,0.437333,0,0,0,artifacts/converted_symbols/svg/AC0812.svg
AC0813,AC0813_L.jpg,25,45,30.594667,46.725953,0.456000,120,36,42,C:/Users/marku/myCloud/TinyLanguage/artifacts/converted_symbols/optimized_roundtrip/all_candidates/iter120_plat36_seed42/AC0813.svg
AC0813,AC0813_L.jpg,25,45,30.594667,46.725953,0.456000,240,72,42,C:/Users/marku/myCloud/TinyLanguage/artifacts/converted_symbols/optimized_roundtrip/all_candidates/iter240_plat72_seed42/AC0813.svg
AC0813,AC0813_L.jpg,25,45,30.594667,46.725953,0.456000,360,108,42,C:/Users/marku/myCloud/TinyLanguage/artifacts/converted_symbols/optimized_roundtrip/all_candidates/iter360_plat108_seed42/AC0813.svg
AC0813,AC0813_L.jpg,25,45,30.594667,46.725953,0.456000,240,72,1337,C:/Users/marku/myCloud/TinyLanguage/artifacts/converted_symbols/optimized_roundtrip/all_candidates/iter240_plat72_seed1337/AC0813.svg
AC0813,AC0813_L.jpg,25,45,30.594667,46.725953,0.456000,480,144,42,C:/Users/marku/myCloud/TinyLanguage/artifacts/converted_symbols/optimized_roundtrip/all_candidates/iter480_plat144_seed42/AC0813.svg
AC0813,AC0813_L.jpg,25,45,23.922667,44.262821,0.437333,0,0,0,artifacts/converted_symbols/svg/AC0813.svg
AC0814,AC0814_L.jpg,45,25,28.680000,44.768272,0.422222,120,36,42,C:/Users/marku/myCloud/TinyLanguage/artifacts/converted_symbols/optimized_roundtrip/all_candidates/iter120_plat36_seed42/AC0814.svg
AC0814,AC0814_L.jpg,45,25,28.680000,44.768272,0.422222,240,72,42,C:/Users/marku/myCloud/TinyLanguage/artifacts/converted_symbols/optimized_roundtrip/all_candidates/iter240_plat72_seed42/AC0814.svg
AC0814,AC0814_L.jpg,45,25,28.680000,44.768272,0.422222,360,108,42,C:/Users/marku/myCloud/TinyLanguage/artifacts/converted_symbols/optimized_roundtrip/all_candidates/iter360_plat108_seed42/AC0814.svg
AC0814,AC0814_L.jpg,45,25,28.680000,44.768272,0.422222,240,72,1337,C:/Users/marku/myCloud/TinyLanguage/artifacts/converted_symbols/optimized_roundtrip/all_candidates/iter240_plat72_seed1337/AC0814.svg
AC0814,AC0814_L.jpg,45,25,28.680000,44.768272,0.422222,480,144,42,C:/Users/marku/myCloud/TinyLanguage/artifacts/converted_symbols/optimized_roundtrip/all_candidates/iter480_plat144_seed42/AC0814.svg
AC0814,AC0814_L.jpg,45,25,24.214222,44.460849,0.393778,0,0,0,artifacts/converted_symbols/svg/AC0814.svg
AC0820,AC0820_L.jpg,30,30,47.874444,60.603639,0.145556,120,36,42,C:/Users/marku/myCloud/TinyLanguage/artifacts/converted_symbols/optimized_roundtrip/all_candidates/iter120_plat36_seed42/AC0820.svg
AC0820,AC0820_L.jpg,30,30,49.084444,62.162976,0.143333,240,72,42,C:/Users/marku/myCloud/TinyLanguage/artifacts/converted_symbols/optimized_roundtrip/all_candidates/iter240_plat72_seed42/AC0820.svg
AC0820,AC0820_L.jpg,30,30,49.084444,62.162976,0.143333,360,108,42,C:/Users/marku/myCloud/TinyLanguage/artifacts/converted_symbols/optimized_roundtrip/all_candidates/iter360_plat108_seed42/AC0820.svg
AC0820,AC0820_L.jpg,30,30,54.318889,67.289070,0.121111,240,72,1337,C:/Users/marku/myCloud/TinyLanguage/artifacts/converted_symbols/optimized_roundtrip/all_candidates/iter240_plat72_seed1337/AC0820.svg
AC0820,AC0820_L.jpg,30,30,49.084444,62.162976,0.143333,480,144,42,C:/Users/marku/myCloud/TinyLanguage/artifacts/converted_symbols/optimized_roundtrip/all_candidates/iter480_plat144_seed42/AC0820.svg
AC0820,AC0820_L.jpg,30,30,54.357778,76.002339,0.151111,0,0,0,artifacts/converted_symbols/svg/AC0820.svg
AC0831,AC0831_L.jpg,25,45,28.437333,45.057908,0.413333,120,36,42,C:/Users/marku/myCloud/TinyLanguage/artifacts/converted_symbols/optimized_roundtrip/all_candidates/iter120_plat36_seed42/AC0831.svg
AC0831,AC0831_L.jpg,25,45,28.460444,45.086071,0.413333,240,72,42,C:/Users/marku/myCloud/TinyLanguage/artifacts/converted_symbols/optimized_roundtrip/all_candidates/iter240_plat72_seed42/AC0831.svg
AC0831,AC0831_L.jpg,25,45,28.462222,45.104560,0.413333,360,108,42,C:/Users/marku/myCloud/TinyLanguage/artifacts/converted_symbols/optimized_roundtrip/all_candidates/iter360_plat108_seed42/AC0831.svg
AC0831,AC0831_L.jpg,25,45,29.144889,46.252524,0.413333,240,72,1337,C:/Users/marku/myCloud/TinyLanguage/artifacts/converted_symbols/optimized_roundtrip/all_candidates/iter240_plat72_seed1337/AC0831.svg
AC0831,AC0831_L.jpg,25,45,28.462222,45.104560,0.413333,480,144,42,C:/Users/marku/myCloud/TinyLanguage/artifacts/converted_symbols/optimized_roundtrip/all_candidates/iter480_plat144_seed42/AC0831.svg
AC0831,AC0831_L.jpg,25,45,26.213333,47.761947,0.400889,0,0,0,artifacts/converted_symbols/svg/AC0831.svg
AC0832,AC0832_L.jpg,45,25,31.097778,50.190402,0.471111,120,36,42,C:/Users/marku/myCloud/TinyLanguage/artifacts/converted_symbols/optimized_roundtrip/all_candidates/iter120_plat36_seed42/AC0832.svg
AC0832,AC0832_L.jpg,45,25,31.097778,50.190402,0.471111,240,72,42,C:/Users/marku/myCloud/TinyLanguage/artifacts/converted_symbols/optimized_roundtrip/all_candidates/iter240_plat72_seed42/AC0832.svg
AC0832,AC0832_L.jpg,45,25,31.097778,50.190402,0.471111,360,108,42,C:/Users/marku/myCloud/TinyLanguage/artifacts/converted_symbols/optimized_roundtrip/all_candidates/iter360_plat108_seed42/AC0832.svg
AC0832,AC0832_L.jpg,45,25,29.998222,48.746327,0.477333,240,72,1337,C:/Users/marku/myCloud/TinyLanguage/artifacts/converted_symbols/optimized_roundtrip/all_candidates/iter240_plat72_seed1337/AC0832.svg
AC0832,AC0832_L.jpg,45,25,31.097778,50.190402,0.471111,480,144,42,C:/Users/marku/myCloud/TinyLanguage/artifacts/converted_symbols/optimized_roundtrip/all_candidates/iter480_plat144_seed42/AC0832.svg
AC0832,AC0832_L.jpg,45,25,27.807111,50.035356,0.454222,0,0,0,artifacts/converted_symbols/svg/AC0832.svg
AC0833,AC0833_L.jpg,25,45,29.015111,46.075532,0.469333,120,36,42,C:/Users/marku/myCloud/TinyLanguage/artifacts/converted_symbols/optimized_roundtrip/all_candidates/iter120_plat36_seed42/AC0833.svg
AC0833,AC0833_L.jpg,25,45,29.068444,46.140886,0.469333,240,72,42,C:/Users/marku/myCloud/TinyLanguage/artifacts/converted_symbols/optimized_roundtrip/all_candidates/iter240_plat72_seed42/AC0833.svg
AC0833,AC0833_L.jpg,25,45,29.121778,46.256906,0.469333,360,108,42,C:/Users/marku/myCloud/TinyLanguage/artifacts/converted_symbols/optimized_roundtrip/all_candidates/iter360_plat108_seed42/AC0833.svg
AC0833,AC0833_L.jpg,25,45,29.215111,46.414739,0.469333,240,72,1337,C:/Users/marku/myCloud/TinyLanguage/artifacts/converted_symbols/optimized_roundtrip/all_candidates/iter240_plat72_seed1337/AC0833.svg
AC0833,AC0833_L.jpg,25,45,29.121778,46.256906,0.469333,480,144,42,C:/Users/marku/myCloud/TinyLanguage/artifacts/converted_symbols/optimized_roundtrip/all_candidates/iter480_plat144_seed42/AC0833.svg
AC0833,AC0833_L.jpg,25,45,25.736889,46.802583,0.453333,0,0,0,artifacts/converted_symbols/svg/AC0833.svg
AC0834,AC0834_L.jpg,45,25,27.689778,44.598964,0.426667,120,36,42,C:/Users/marku/myCloud/TinyLanguage/artifacts/converted_symbols/optimized_roundtrip/all_candidates/iter120_plat36_seed42/AC0834.svg
AC0834,AC0834_L.jpg,45,25,27.689778,44.598964,0.426667,240,72,42,C:/Users/marku/myCloud/TinyLanguage/artifacts/converted_symbols/optimized_roundtrip/all_candidates/iter240_plat72_seed42/AC0834.svg
AC0834,AC0834_L.jpg,45,25,28.041778,45.232682,0.426667,360,108,42,C:/Users/marku/myCloud/TinyLanguage/artifacts/converted_symbols/optimized_roundtrip/all_candidates/iter360_plat108_seed42/AC0834.svg
AC0834,AC0834_L.jpg,45,25,31.853333,50.297824,0.408889,240,72,1337,C:/Users/marku/myCloud/TinyLanguage/artifacts/converted_symbols/optimized_roundtrip/all_candidates/iter240_plat72_seed1337/AC0834.svg
AC0834,AC0834_L.jpg,45,25,28.041778,45.232682,0.426667,480,144,42,C:/Users/marku/myCloud/TinyLanguage/artifacts/converted_symbols/optimized_roundtrip/all_candidates/iter480_plat144_seed42/AC0834.svg
AC0834,AC0834_L.jpg,45,25,28.540444,50.715152,0.410667,0,0,0,artifacts/converted_symbols/svg/AC0834.svg
AC0835,AC0835_L.jpg,25,25,47.774400,61.640000,0.163200,120,36,42,C:/Users/marku/myCloud/TinyLanguage/artifacts/converted_symbols/optimized_roundtrip/all_candidates/iter120_plat36_seed42/AC0835.svg
AC0835,AC0835_L.jpg,25,25,49.689600,63.539040,0.156800,240,72,42,C:/Users/marku/myCloud/TinyLanguage/artifacts/converted_symbols/optimized_roundtrip/all_candidates/iter240_plat72_seed42/AC0835.svg
AC0835,AC0835_L.jpg,25,25,49.689600,63.539040,0.156800,360,108,42,C:/Users/marku/myCloud/TinyLanguage/artifacts/converted_symbols/optimized_roundtrip/all_candidates/iter360_plat108_seed42/AC0835.svg
AC0835,AC0835_L.jpg,25,25,48.638400,62.293383,0.155200,240,72,1337,C:/Users/marku/myCloud/TinyLanguage/artifacts/converted_symbols/optimized_roundtrip/all_candidates/iter240_plat72_seed1337/AC0835.svg
AC0835,AC0835_L.jpg,25,25,49.689600,63.539040,0.156800,480,144,42,C:/Users/marku/myCloud/TinyLanguage/artifacts/converted_symbols/optimized_roundtrip/all_candidates/iter480_plat144_seed42/AC0835.svg
AC0835,AC0835_L.jpg,25,25,48.350400,66.526542,0.163200,0,0,0,artifacts/converted_symbols/svg/AC0835.svg
AC0836,AC0836_L.jpg,25,45,28.552889,45.111713,0.415111,120,36,42,C:/Users/marku/myCloud/TinyLanguage/artifacts/converted_symbols/optimized_roundtrip/all_candidates/iter120_plat36_seed42/AC0836.svg
AC0836,AC0836_L.jpg,25,45,28.552889,45.111713,0.415111,240,72,42,C:/Users/marku/myCloud/TinyLanguage/artifacts/converted_symbols/optimized_roundtrip/all_candidates/iter240_plat72_seed42/AC0836.svg
AC0836,AC0836_L.jpg,25,45,28.552889,45.111713,0.415111,360,108,42,C:/Users/marku/myCloud/TinyLanguage/artifacts/converted_symbols/optimized_roundtrip/all_candidates/iter360_plat108_seed42/AC0836.svg
AC0836,AC0836_L.jpg,25,45,28.552889,45.111713,0.415111,240,72,1337,C:/Users/marku/myCloud/TinyLanguage/artifacts/converted_symbols/optimized_roundtrip/all_candidates/iter240_plat72_seed1337/AC0836.svg
AC0836,AC0836_L.jpg,25,45,28.552889,45.111713,0.415111,480,144,42,C:/Users/marku/myCloud/TinyLanguage/artifacts/converted_symbols/optimized_roundtrip/all_candidates/iter480_plat144_seed42/AC0836.svg
AC0836,AC0836_L.jpg,25,45,27.519111,49.424483,0.405333,0,0,0,artifacts/converted_symbols/svg/AC0836.svg
AC0837,AC0837_L.jpg,45,25,27.918222,45.576095,0.476444,120,36,42,C:/Users/marku/myCloud/TinyLanguage/artifacts/converted_symbols/optimized_roundtrip/all_candidates/iter120_plat36_seed42/AC0837.svg
AC0837,AC0837_L.jpg,45,25,27.918222,45.576095,0.476444,240,72,42,C:/Users/marku/myCloud/TinyLanguage/artifacts/converted_symbols/optimized_roundtrip/all_candidates/iter240_plat72_seed42/AC0837.svg
AC0837,AC0837_L.jpg,45,25,27.918222,45.576095,0.476444,360,108,42,C:/Users/marku/myCloud/TinyLanguage/artifacts/converted_symbols/optimized_roundtrip/all_candidates/iter360_plat108_seed42/AC0837.svg
AC0837,AC0837_L.jpg,45,25,27.918222,45.576095,0.476444,240,72,1337,C:/Users/marku/myCloud/TinyLanguage/artifacts/converted_symbols/optimized_roundtrip/all_candidates/iter240_plat72_seed1337/AC0837.svg
AC0837,AC0837_L.jpg,45,25,27.918222,45.576095,0.476444,480,144,42,C:/Users/marku/myCloud/TinyLanguage/artifacts/converted_symbols/optimized_roundtrip/all_candidates/iter480_plat144_seed42/AC0837.svg
AC0837,AC0837_L.jpg,45,25,29.655111,52.529915,0.450667,0,0,0,artifacts/converted_symbols/svg/AC0837.svg
AC0838,AC0838_L.jpg,25,45,28.947556,46.434336,0.467556,120,36,42,C:/Users/marku/myCloud/TinyLanguage/artifacts/converted_symbols/optimized_roundtrip/all_candidates/iter120_plat36_seed42/AC0838.svg
AC0838,AC0838_L.jpg,25,45,28.947556,46.434336,0.467556,240,72,42,C:/Users/marku/myCloud/TinyLanguage/artifacts/converted_symbols/optimized_roundtrip/all_candidates/iter240_plat72_seed42/AC0838.svg
AC0838,AC0838_L.jpg,25,45,28.947556,46.434336,0.467556,360,108,42,C:/Users/marku/myCloud/TinyLanguage/artifacts/converted_symbols/optimized_roundtrip/all_candidates/iter360_plat108_seed42/AC0838.svg
AC0838,AC0838_L.jpg,25,45,28.947556,46.434336,0.467556,240,72,1337,C:/Users/marku/myCloud/TinyLanguage/artifacts/converted_symbols/optimized_roundtrip/all_candidates/iter240_plat72_seed1337/AC0838.svg
AC0838,AC0838_L.jpg,25,45,28.947556,46.434336,0.467556,480,144,42,C:/Users/marku/myCloud/TinyLanguage/artifacts/converted_symbols/optimized_roundtrip/all_candidates/iter480_plat144_seed42/AC0838.svg
AC0838,AC0838_L.jpg,25,45,27.184889,49.056204,0.453333,0,0,0,artifacts/converted_symbols/svg/AC0838.svg
AC0839,AC0839_L.jpg,45,25,27.606222,45.099426,0.418667,120,36,42,C:/Users/marku/myCloud/TinyLanguage/artifacts/converted_symbols/optimized_roundtrip/all_candidates/iter120_plat36_seed42/AC0839.svg
AC0839,AC0839_L.jpg,45,25,27.606222,45.099426,0.418667,240,72,42,C:/Users/marku/myCloud/TinyLanguage/artifacts/converted_symbols/optimized_roundtrip/all_candidates/iter240_plat72_seed42/AC0839.svg
AC0839,AC0839_L.jpg,45,25,27.606222,45.099426,0.418667,360,108,42,C:/Users/marku/myCloud/TinyLanguage/artifacts/converted_symbols/optimized_roundtrip/all_candidates/iter360_plat108_seed42/AC0839.svg
AC0839,AC0839_L.jpg,45,25,27.606222,45.099426,0.418667,240,72,1337,C:/Users/marku/myCloud/TinyLanguage/artifacts/converted_symbols/optimized_roundtrip/all_candidates/iter240_plat72_seed1337/AC0839.svg
AC0839,AC0839_L.jpg,45,25,27.606222,45.099426,0.418667,480,144,42,C:/Users/marku/myCloud/TinyLanguage/artifacts/converted_symbols/optimized_roundtrip/all_candidates/iter480_plat144_seed42/AC0839.svg
AC0839,AC0839_L.jpg,45,25,29.439111,52.023063,0.399111,0,0,0,artifacts/converted_symbols/svg/AC0839.svg
AC0840,AC0840_L.jpg,30,30,57.026667,70.927584,0.082222,120,36,42,C:/Users/marku/myCloud/TinyLanguage/artifacts/converted_symbols/optimized_roundtrip/all_candidates/iter120_plat36_seed42/AC0840.svg
AC0840,AC0840_L.jpg,30,30,57.026667,70.927584,0.082222,240,72,42,C:/Users/marku/myCloud/TinyLanguage/artifacts/converted_symbols/optimized_roundtrip/all_candidates/iter240_plat72_seed42/AC0840.svg
AC0840,AC0840_L.jpg,30,30,57.026667,70.927584,0.082222,360,108,42,C:/Users/marku/myCloud/TinyLanguage/artifacts/converted_symbols/optimized_roundtrip/all_candidates/iter360_plat108_seed42/AC0840.svg
AC0840,AC0840_L.jpg,30,30,55.696667,69.459956,0.073333,240,72,1337,C:/Users/marku/myCloud/TinyLanguage/artifacts/converted_symbols/optimized_roundtrip/all_candidates/iter240_plat72_seed1337/AC0840.svg
AC0840,AC0840_L.jpg,30,30,57.435556,71.303763,0.084444,480,144,42,C:/Users/marku/myCloud/TinyLanguage/artifacts/converted_symbols/optimized_roundtrip/all_candidates/iter480_plat144_seed42/AC0840.svg
AC0840,AC0840_L.jpg,30,30,52.971111,72.057292,0.144444,0,0,0,artifacts/converted_symbols/svg/AC0840.svg
AC0841,AC0841_L.jpg,25,45,29.473778,47.287377,0.417778,120,36,42,C:/Users/marku/myCloud/TinyLanguage/artifacts/converted_symbols/optimized_roundtrip/all_candidates/iter120_plat36_seed42/AC0841.svg
AC0841,AC0841_L.jpg,25,45,29.473778,47.287377,0.417778,240,72,42,C:/Users/marku/myCloud/TinyLanguage/artifacts/converted_symbols/optimized_roundtrip/all_candidates/iter240_plat72_seed42/AC0841.svg
AC0841,AC0841_L.jpg,25,45,29.473778,47.287377,0.417778,360,108,42,C:/Users/marku/myCloud/TinyLanguage/artifacts/converted_symbols/optimized_roundtrip/all_candidates/iter360_plat108_seed42/AC0841.svg
AC0841,AC0841_L.jpg,25,45,29.473778,47.287377,0.417778,240,72,1337,C:/Users/marku/myCloud/TinyLanguage/artifacts/converted_symbols/optimized_roundtrip/all_candidates/iter240_plat72_seed1337/AC0841.svg
AC0841,AC0841_L.jpg,25,45,29.473778,47.287377,0.417778,480,144,42,C:/Users/marku/myCloud/TinyLanguage/artifacts/converted_symbols/optimized_roundtrip/all_candidates/iter480_plat144_seed42/AC0841.svg
AC0841,AC0841_L.jpg,25,45,29.134222,51.610094,0.408000,0,0,0,artifacts/converted_symbols/svg/AC0841.svg
AC0842,AC0842_L.jpg,45,25,27.773333,45.523357,0.480000,120,36,42,C:/Users/marku/myCloud/TinyLanguage/artifacts/converted_symbols/optimized_roundtrip/all_candidates/iter120_plat36_seed42/AC0842.svg
AC0842,AC0842_L.jpg,45,25,27.773333,45.523357,0.480000,240,72,42,C:/Users/marku/myCloud/TinyLanguage/artifacts/converted_symbols/optimized_roundtrip/all_candidates/iter240_plat72_seed42/AC0842.svg
AC0842,AC0842_L.jpg,45,25,27.773333,45.523357,0.480000,360,108,42,C:/Users/marku/myCloud/TinyLanguage/artifacts/converted_symbols/optimized_roundtrip/all_candidates/iter360_plat108_seed42/AC0842.svg
AC0842,AC0842_L.jpg,45,25,27.773333,45.523357,0.480000,240,72,1337,C:/Users/marku/myCloud/TinyLanguage/artifacts/converted_symbols/optimized_roundtrip/all_candidates/iter240_plat72_seed1337/AC0842.svg
AC0842,AC0842_L.jpg,45,25,27.773333,45.523357,0.480000,480,144,42,C:/Users/marku/myCloud/TinyLanguage/artifacts/converted_symbols/optimized_roundtrip/all_candidates/iter480_plat144_seed42/AC0842.svg
AC0842,AC0842_L.jpg,45,25,29.372444,52.073316,0.451556,0,0,0,artifacts/converted_symbols/svg/AC0842.svg
AC0843,AC0843_L.jpg,25,45,31.994667,51.220308,0.464000,120,36,42,C:/Users/marku/myCloud/TinyLanguage/artifacts/converted_symbols/optimized_roundtrip/all_candidates/iter120_plat36_seed42/AC0843.svg
AC0843,AC0843_L.jpg,25,45,31.994667,51.220308,0.464000,240,72,42,C:/Users/marku/myCloud/TinyLanguage/artifacts/converted_symbols/optimized_roundtrip/all_candidates/iter240_plat72_seed42/AC0843.svg
AC0843,AC0843_L.jpg,25,45,31.994667,51.220308,0.464000,360,108,42,C:/Users/marku/myCloud/TinyLanguage/artifacts/converted_symbols/optimized_roundtrip/all_candidates/iter360_plat108_seed42/AC0843.svg
AC0843,AC0843_L.jpg,25,45,31.994667,51.220308,0.464000,240,72,1337,C:/Users/marku/myCloud/TinyLanguage/artifacts/converted_symbols/optimized_roundtrip/all_candidates/iter240_plat72_seed1337/AC0843.svg
AC0843,AC0843_L.jpg,25,45,31.994667,51.220308,0.464000,480,144,42,C:/Users/marku/myCloud/TinyLanguage/artifacts/converted_symbols/optimized_roundtrip/all_candidates/iter480_plat144_seed42/AC0843.svg
AC0843,AC0843_L.jpg,25,45,29.738667,52.351122,0.453333,0,0,0,artifacts/converted_symbols/svg/AC0843.svg
AC0844,AC0844_L.jpg,45,25,29.014222,46.495888,0.426667,120,36,42,C:/Users/marku/myCloud/TinyLanguage/artifacts/converted_symbols/optimized_roundtrip/all_candidates/iter120_plat36_seed42/AC0844.svg
AC0844,AC0844_L.jpg,45,25,29.014222,46.495888,0.426667,240,72,42,C:/Users/marku/myCloud/TinyLanguage/artifacts/converted_symbols/optimized_roundtrip/all_candidates/iter240_plat72_seed42/AC0844.svg
AC0844,AC0844_L.jpg,45,25,29.014222,46.495888,0.426667,360,108,42,C:/Users/marku/myCloud/TinyLanguage/artifacts/converted_symbols/optimized_roundtrip/all_candidates/iter360_plat108_seed42/AC0844.svg
AC0844,AC0844_L.jpg,45,25,29.014222,46.495888,0.426667,240,72,1337,C:/Users/marku/myCloud/TinyLanguage/artifacts/converted_symbols/optimized_roundtrip/all_candidates/iter240_plat72_seed1337/AC0844.svg
AC0844,AC0844_L.jpg,45,25,29.014222,46.495888,0.426667,480,144,42,C:/Users/marku/myCloud/TinyLanguage/artifacts/converted_symbols/optimized_roundtrip/all_candidates/iter480_plat144_seed42/AC0844.svg
AC0844,AC0844_L.jpg,45,25,30.936889,54.271220,0.414222,0,0,0,artifacts/converted_symbols/svg/AC0844.svg
AC0845,AC0845_L.jpg,25,25,44.697600,56.768188,0.168000,120,36,42,C:/Users/marku/myCloud/TinyLanguage/artifacts/converted_symbols/optimized_roundtrip/all_candidates/iter120_plat36_seed42/AC0845.svg
AC0845,AC0845_L.jpg,25,25,47.372800,59.145353,0.150400,240,72,42,C:/Users/marku/myCloud/TinyLanguage/artifacts/converted_symbols/optimized_roundtrip/all_candidates/iter240_plat72_seed42/AC0845.svg
AC0845,AC0845_L.jpg,25,25,46.721600,58.659928,0.156800,360,108,42,C:/Users/marku/myCloud/TinyLanguage/artifacts/converted_symbols/optimized_roundtrip/all_candidates/iter360_plat108_seed42/AC0845.svg
AC0845,AC0845_L.jpg,25,25,48.451200,60.517052,0.150400,240,72,1337,C:/Users/marku/myCloud/TinyLanguage/artifacts/converted_symbols/optimized_roundtrip/all_candidates/iter240_plat72_seed1337/AC0845.svg
AC0845,AC0845_L.jpg,25,25,46.721600,58.659928,0.156800,480,144,42,C:/Users/marku/myCloud/TinyLanguage/artifacts/converted_symbols/optimized_roundtrip/all_candidates/iter480_plat144_seed42/AC0845.svg
AC0845,AC0845_L.jpg,25,25,51.300800,70.474154,0.166400,0,0,0,artifacts/converted_symbols/svg/AC0845.svg
AC0846,AC0846_L.jpg,25,45,26.896889,42.883294,0.417778,120,36,42,C:/Users/marku/myCloud/TinyLanguage/artifacts/converted_symbols/optimized_roundtrip/all_candidates/iter120_plat36_seed42/AC0846.svg
AC0846,AC0846_L.jpg,25,45,26.896889,42.883294,0.417778,240,72,42,C:/Users/marku/myCloud/TinyLanguage/artifacts/converted_symbols/optimized_roundtrip/all_candidates/iter240_plat72_seed42/AC0846.svg
AC0846,AC0846_L.jpg,25,45,26.896889,42.883294,0.417778,360,108,42,C:/Users/marku/myCloud/TinyLanguage/artifacts/converted_symbols/optimized_roundtrip/all_candidates/iter360_plat108_seed42/AC0846.svg
AC0846,AC0846_L.jpg,25,45,26.896889,42.883294,0.417778,240,72,1337,C:/Users/marku/myCloud/TinyLanguage/artifacts/converted_symbols/optimized_roundtrip/all_candidates/iter240_plat72_seed1337/AC0846.svg
AC0846,AC0846_L.jpg,25,45,26.896889,42.883294,0.417778,480,144,42,C:/Users/marku/myCloud/TinyLanguage/artifacts/converted_symbols/optimized_roundtrip/all_candidates/iter480_plat144_seed42/AC0846.svg
AC0846,AC0846_L.jpg,25,45,29.865778,52.825322,0.406222,0,0,0,artifacts/converted_symbols/svg/AC0846.svg
AC0847,AC0847_L.jpg,45,25,27.816000,46.256954,0.476444,120,36,42,C:/Users/marku/myCloud/TinyLanguage/artifacts/converted_symbols/optimized_roundtrip/all_candidates/iter120_plat36_seed42/AC0847.svg
AC0847,AC0847_L.jpg,45,25,27.816000,46.256954,0.476444,240,72,42,C:/Users/marku/myCloud/TinyLanguage/artifacts/converted_symbols/optimized_roundtrip/all_candidates/iter240_plat72_seed42/AC0847.svg
AC0847,AC0847_L.jpg,45,25,27.816000,46.256954,0.476444,360,108,42,C:/Users/marku/myCloud/TinyLanguage/artifacts/converted_symbols/optimized_roundtrip/all_candidates/iter360_plat108_seed42/AC0847.svg
AC0847,AC0847_L.jpg,45,25,27.816000,46.256954,0.476444,240,72,1337,C:/Users/marku/myCloud/TinyLanguage/artifacts/converted_symbols/optimized_roundtrip/all_candidates/iter240_plat72_seed1337/AC0847.svg
AC0847,AC0847_L.jpg,45,25,27.816000,46.256954,0.476444,480,144,42,C:/Users/marku/myCloud/TinyLanguage/artifacts/converted_symbols/optimized_roundtrip/all_candidates/iter480_plat144_seed42/AC0847.svg
AC0847,AC0847_L.jpg,45,25,32.285333,56.360940,0.451556,0,0,0,artifacts/converted_symbols/svg/AC0847.svg
AC0848,AC0848_L.jpg,25,45,28.228444,44.418345,0.472000,120,36,42,C:/Users/marku/myCloud/TinyLanguage/artifacts/converted_symbols/optimized_roundtrip/all_candidates/iter120_plat36_seed42/AC0848.svg
AC0848,AC0848_L.jpg,25,45,28.228444,44.418345,0.472000,240,72,42,C:/Users/marku/myCloud/TinyLanguage/artifacts/converted_symbols/optimized_roundtrip/all_candidates/iter240_plat72_seed42/AC0848.svg
AC0848,AC0848_L.jpg,25,45,28.228444,44.418345,0.472000,360,108,42,C:/Users/marku/myCloud/TinyLanguage/artifacts/converted_symbols/optimized_roundtrip/all_candidates/iter360_plat108_seed42/AC0848.svg
AC0848,AC0848_L.jpg,25,45,28.228444,44.418345,0.472000,240,72,1337,C:/Users/marku/myCloud/TinyLanguage/artifacts/converted_symbols/optimized_roundtrip/all_candidates/iter240_plat72_seed1337/AC0848.svg
AC0848,AC0848_L.jpg,25,45,28.228444,44.418345,0.472000,480,144,42,C:/Users/marku/myCloud/TinyLanguage/artifacts/converted_symbols/optimized_roundtrip/all_candidates/iter480_plat144_seed42/AC0848.svg
AC0848,AC0848_L.jpg,25,45,30.685333,54.101740,0.459556,0,0,0,artifacts/converted_symbols/svg/AC0848.svg
AC0849,AC0849_L.jpg,45,25,25.792000,42.449300,0.426667,120,36,42,C:/Users/marku/myCloud/TinyLanguage/artifacts/converted_symbols/optimized_roundtrip/all_candidates/iter120_plat36_seed42/AC0849.svg
AC0849,AC0849_L.jpg,45,25,25.792000,42.449300,0.426667,240,72,42,C:/Users/marku/myCloud/TinyLanguage/artifacts/converted_symbols/optimized_roundtrip/all_candidates/iter240_plat72_seed42/AC0849.svg
AC0849,AC0849_L.jpg,45,25,25.792000,42.449300,0.426667,360,108,42,C:/Users/marku/myCloud/TinyLanguage/artifacts/converted_symbols/optimized_roundtrip/all_candidates/iter360_plat108_seed42/AC0849.svg
AC0849,AC0849_L.jpg,45,25,25.792000,42.449300,0.426667,240,72,1337,C:/Users/marku/myCloud/TinyLanguage/artifacts/converted_symbols/optimized_roundtrip/all_candidates/iter240_plat72_seed1337/AC0849.svg
AC0849,AC0849_L.jpg,45,25,25.792000,42.449300,0.426667,480,144,42,C:/Users/marku/myCloud/TinyLanguage/artifacts/converted_symbols/optimized_roundtrip/all_candidates/iter480_plat144_seed42/AC0849.svg
AC0849,AC0849_L.jpg,45,25,31.153778,54.805904,0.400889,0,0,0,artifacts/converted_symbols/svg/AC0849.svg
AC0850,AC0850_L.jpg,30,30,56.672222,73.967868,0.127778,120,36,42,C:/Users/marku/myCloud/TinyLanguage/artifacts/converted_symbols/optimized_roundtrip/all_candidates/iter120_plat36_seed42/AC0850.svg
AC0850,AC0850_L.jpg,30,30,54.776667,72.011704,0.134444,240,72,42,C:/Users/marku/myCloud/TinyLanguage/artifacts/converted_symbols/optimized_roundtrip/all_candidates/iter240_plat72_seed42/AC0850.svg
AC0850,AC0850_L.jpg,30,30,54.776667,72.011704,0.134444,360,108,42,C:/Users/marku/myCloud/TinyLanguage/artifacts/converted_symbols/optimized_roundtrip/all_candidates/iter360_plat108_seed42/AC0850.svg
AC0850,AC0850_L.jpg,30,30,55.948889,73.228425,0.132222,240,72,1337,C:/Users/marku/myCloud/TinyLanguage/artifacts/converted_symbols/optimized_roundtrip/all_candidates/iter240_plat72_seed1337/AC0850.svg
AC0850,AC0850_L.jpg,30,30,54.776667,72.011704,0.134444,480,144,42,C:/Users/marku/myCloud/TinyLanguage/artifacts/converted_symbols/optimized_roundtrip/all_candidates/iter480_plat144_seed42/AC0850.svg
AC0850,AC0850_L.jpg,30,30,54.362222,73.052112,0.153333,0,0,0,artifacts/converted_symbols/svg/AC0850.svg
AC0861,AC0861_L.jpg,25,45,29.469333,48.019468,0.415111,120,36,42,C:/Users/marku/myCloud/TinyLanguage/artifacts/converted_symbols/optimized_roundtrip/all_candidates/iter120_plat36_seed42/AC0861.svg
AC0861,AC0861_L.jpg,25,45,29.469333,48.019468,0.415111,240,72,42,C:/Users/marku/myCloud/TinyLanguage/artifacts/converted_symbols/optimized_roundtrip/all_candidates/iter240_plat72_seed42/AC0861.svg
AC0861,AC0861_L.jpg,25,45,29.469333,48.019468,0.415111,360,108,42,C:/Users/marku/myCloud/TinyLanguage/artifacts/converted_symbols/optimized_roundtrip/all_candidates/iter360_plat108_seed42/AC0861.svg
AC0861,AC0861_L.jpg,25,45,40.139556,60.891780,0.369778,240,72,1337,C:/Users/marku/myCloud/TinyLanguage/artifacts/converted_symbols/optimized_roundtrip/all_candidates/iter240_plat72_seed1337/AC0861.svg
AC0861,AC0861_L.jpg,25,45,29.658667,48.357704,0.415111,480,144,42,C:/Users/marku/myCloud/TinyLanguage/artifacts/converted_symbols/optimized_roundtrip/all_candidates/iter480_plat144_seed42/AC0861.svg
AC0861,AC0861_L.jpg,25,45,29.488889,52.493242,0.402667,0,0,0,artifacts/converted_symbols/svg/AC0861.svg
AC0862,AC0862_L.jpg,45,25,31.040889,51.486223,0.476444,120,36,42,C:/Users/marku/myCloud/TinyLanguage/artifacts/converted_symbols/optimized_roundtrip/all_candidates/iter120_plat36_seed42/AC0862.svg
AC0862,AC0862_L.jpg,45,25,31.040889,51.486223,0.476444,240,72,42,C:/Users/marku/myCloud/TinyLanguage/artifacts/converted_symbols/optimized_roundtrip/all_candidates/iter240_plat72_seed42/AC0862.svg
AC0862,AC0862_L.jpg,45,25,31.040889,51.486223,0.476444,360,108,42,C:/Users/marku/myCloud/TinyLanguage/artifacts/converted_symbols/optimized_roundtrip/all_candidates/iter360_plat108_seed42/AC0862.svg
AC0862,AC0862_L.jpg,45,25,37.356444,59.469163,0.445333,240,72,1337,C:/Users/marku/myCloud/TinyLanguage/artifacts/converted_symbols/optimized_roundtrip/all_candidates/iter240_plat72_seed1337/AC0862.svg
AC0862,AC0862_L.jpg,45,25,31.040889,51.486223,0.476444,480,144,42,C:/Users/marku/myCloud/TinyLanguage/artifacts/converted_symbols/optimized_roundtrip/all_candidates/iter480_plat144_seed42/AC0862.svg
AC0862,AC0862_L.jpg,45,25,28.312889,50.719008,0.455111,0,0,0,artifacts/converted_symbols/svg/AC0862.svg
AC0863,AC0863_L.jpg,25,45,31.227556,51.224846,0.463111,120,36,42,C:/Users/marku/myCloud/TinyLanguage/artifacts/converted_symbols/optimized_roundtrip/all_candidates/iter120_plat36_seed42/AC0863.svg
AC0863,AC0863_L.jpg,25,45,31.227556,51.224846,0.463111,240,72,42,C:/Users/marku/myCloud/TinyLanguage/artifacts/converted_symbols/optimized_roundtrip/all_candidates/iter240_plat72_seed42/AC0863.svg
AC0863,AC0863_L.jpg,25,45,31.227556,51.224846,0.463111,360,108,42,C:/Users/marku/myCloud/TinyLanguage/artifacts/converted_symbols/optimized_roundtrip/all_candidates/iter360_plat108_seed42/AC0863.svg
AC0863,AC0863_L.jpg,25,45,31.206222,51.447311,0.463111,240,72,1337,C:/Users/marku/myCloud/TinyLanguage/artifacts/converted_symbols/optimized_roundtrip/all_candidates/iter240_plat72_seed1337/AC0863.svg
AC0863,AC0863_L.jpg,25,45,31.320000,51.671845,0.463111,480,144,42,C:/Users/marku/myCloud/TinyLanguage/artifacts/converted_symbols/optimized_roundtrip/all_candidates/iter480_plat144_seed42/AC0863.svg
AC0863,AC0863_L.jpg,25,45,29.632889,52.730636,0.451556,0,0,0,artifacts/converted_symbols/svg/AC0863.svg
AC0864,AC0864_L.jpg,45,25,30.239111,49.407845,0.410667,120,36,42,C:/Users/marku/myCloud/TinyLanguage/artifacts/converted_symbols/optimized_roundtrip/all_candidates/iter120_plat36_seed42/AC0864.svg
AC0864,AC0864_L.jpg,45,25,30.239111,49.407845,0.410667,240,72,42,C:/Users/marku/myCloud/TinyLanguage/artifacts/converted_symbols/optimized_roundtrip/all_candidates/iter240_plat72_seed42/AC0864.svg
AC0864,AC0864_L.jpg,45,25,30.239111,49.407845,0.410667,360,108,42,C:/Users/marku/myCloud/TinyLanguage/artifacts/converted_symbols/optimized_roundtrip/all_candidates/iter360_plat108_seed42/AC0864.svg
AC0864,AC0864_L.jpg,45,25,32.414222,52.077822,0.400889,240,72,1337,C:/Users/marku/myCloud/TinyLanguage/artifacts/converted_symbols/optimized_roundtrip/all_candidates/iter240_plat72_seed1337/AC0864.svg
AC0864,AC0864_L.jpg,45,25,30.239111,49.407845,0.410667,480,144,42,C:/Users/marku/myCloud/TinyLanguage/artifacts/converted_symbols/optimized_roundtrip/all_candidates/iter480_plat144_seed42/AC0864.svg
AC0864,AC0864_L.jpg,45,25,28.887111,51.452468,0.401778,0,0,0,artifacts/converted_symbols/svg/AC0864.svg
AC0870,AC0870_L.jpg,30,30,49.762222,63.048588,0.144444,120,36,42,C:/Users/marku/myCloud/TinyLanguage/artifacts/converted_symbols/optimized_roundtrip/all_candidates/iter120_plat36_seed42/AC0870.svg
AC0870,AC0870_L.jpg,30,30,50.246667,63.434270,0.142222,240,72,42,C:/Users/marku/myCloud/TinyLanguage/artifacts/converted_symbols/optimized_roundtrip/all_candidates/iter240_plat72_seed42/AC0870.svg
AC0870,AC0870_L.jpg,30,30,50.246667,63.434270,0.142222,360,108,42,C:/Users/marku/myCloud/TinyLanguage/artifacts/converted_symbols/optimized_roundtrip/all_candidates/iter360_plat108_seed42/AC0870.svg
AC0870,AC0870_L.jpg,30,30,51.813333,64.749191,0.135556,240,72,1337,C:/Users/marku/myCloud/TinyLanguage/artifacts/converted_symbols/optimized_roundtrip/all_candidates/iter240_plat72_seed1337/AC0870.svg
AC0870,AC0870_L.jpg,30,30,50.246667,63.434270,0.142222,480,144,42,C:/Users/marku/myCloud/TinyLanguage/artifacts/converted_symbols/optimized_roundtrip/all_candidates/iter480_plat144_seed42/AC0870.svg
AC0870,AC0870_L.jpg,30,30,50.424444,69.342756,0.147778,0,0,0,artifacts/converted_symbols/svg/AC0870.svg
AC0881,AC0881_L.jpg,25,45,34.616000,53.857928,0.400889,120,36,42,C:/Users/marku/myCloud/TinyLanguage/artifacts/converted_symbols/optimized_roundtrip/all_candidates/iter120_plat36_seed42/AC0881.svg
AC0881,AC0881_L.jpg,25,45,34.616000,53.857928,0.400889,240,72,42,C:/Users/marku/myCloud/TinyLanguage/artifacts/converted_symbols/optimized_roundtrip/all_candidates/iter240_plat72_seed42/AC0881.svg
AC0881,AC0881_L.jpg,25,45,34.616000,53.857928,0.400889,360,108,42,C:/Users/marku/myCloud/TinyLanguage/artifacts/converted_symbols/optimized_roundtrip/all_candidates/iter360_plat108_seed42/AC0881.svg
AC0881,AC0881_L.jpg,25,45,36.914667,56.727646,0.390222,240,72,1337,C:/Users/marku/myCloud/TinyLanguage/artifacts/converted_symbols/optimized_roundtrip/all_candidates/iter240_plat72_seed1337/AC0881.svg
AC0881,AC0881_L.jpg,25,45,34.616000,53.857928,0.400889,480,144,42,C:/Users/marku/myCloud/TinyLanguage/artifacts/converted_symbols/optimized_roundtrip/all_candidates/iter480_plat144_seed42/AC0881.svg
AC0881,AC0881_L.jpg,25,45,29.051556,51.889001,0.400000,0,0,0,artifacts/converted_symbols/svg/AC0881.svg
AC0882,AC0882_L.jpg,45,25,33.406222,53.421361,0.469333,120,36,42,C:/Users/marku/myCloud/TinyLanguage/artifacts/converted_symbols/optimized_roundtrip/all_candidates/iter120_plat36_seed42/AC0882.svg
AC0882,AC0882_L.jpg,45,25,33.406222,53.421361,0.469333,240,72,42,C:/Users/marku/myCloud/TinyLanguage/artifacts/converted_symbols/optimized_roundtrip/all_candidates/iter240_plat72_seed42/AC0882.svg
AC0882,AC0882_L.jpg,45,25,33.406222,53.421361,0.469333,360,108,42,C:/Users/marku/myCloud/TinyLanguage/artifacts/converted_symbols/optimized_roundtrip/all_candidates/iter360_plat108_seed42/AC0882.svg
AC0882,AC0882_L.jpg,45,25,31.696889,51.266823,0.476444,240,72,1337,C:/Users/marku/myCloud/TinyLanguage/artifacts/converted_symbols/optimized_roundtrip/all_candidates/iter240_plat72_seed1337/AC0882.svg
AC0882,AC0882_L.jpg,45,25,33.406222,53.421361,0.469333,480,144,42,C:/Users/marku/myCloud/TinyLanguage/artifacts/converted_symbols/optimized_roundtrip/all_candidates/iter480_plat144_seed42/AC0882.svg
AC0882,AC0882_L.jpg,45,25,27.222222,49.428584,0.456000,0,0,0,artifacts/converted_symbols/svg/AC0882.svg
AC0883,AC0883_L.jpg,25,45,33.973333,53.671329,0.456000,120,36,42,C:/Users/marku/myCloud/TinyLanguage/artifacts/converted_symbols/optimized_roundtrip/all_candidates/iter120_plat36_seed42/AC0883.svg
AC0883,AC0883_L.jpg,25,45,33.973333,53.671329,0.456000,240,72,42,C:/Users/marku/myCloud/TinyLanguage/artifacts/converted_symbols/optimized_roundtrip/all_candidates/iter240_plat72_seed42/AC0883.svg
AC0883,AC0883_L.jpg,25,45,33.973333,53.671329,0.456000,360,108,42,C:/Users/marku/myCloud/TinyLanguage/artifacts/converted_symbols/optimized_roundtrip/all_candidates/iter360_plat108_seed42/AC0883.svg
AC0883,AC0883_L.jpg,25,45,35.758222,56.022107,0.448000,240,72,1337,C:/Users/marku/myCloud/TinyLanguage/artifacts/converted_symbols/optimized_roundtrip/all_candidates/iter240_plat72_seed1337/AC0883.svg
AC0883,AC0883_L.jpg,25,45,33.973333,53.671329,0.456000,480,144,42,C:/Users/marku/myCloud/TinyLanguage/artifacts/converted_symbols/optimized_roundtrip/all_candidates/iter480_plat144_seed42/AC0883.svg
AC0883,AC0883_L.jpg,25,45,27.992889,50.393262,0.453333,0,0,0,artifacts/converted_symbols/svg/AC0883.svg
AC0884,AC0884_L.jpg,45,25,30.025778,49.008308,0.416889,120,36,42,C:/Users/marku/myCloud/TinyLanguage/artifacts/converted_symbols/optimized_roundtrip/all_candidates/iter120_plat36_seed42/AC0884.svg
AC0884,AC0884_L.jpg,45,25,30.096889,49.059791,0.416889,240,72,42,C:/Users/marku/myCloud/TinyLanguage/artifacts/converted_symbols/optimized_roundtrip/all_candidates/iter240_plat72_seed42/AC0884.svg
AC0884,AC0884_L.jpg,45,25,30.096889,49.059791,0.416889,360,108,42,C:/Users/marku/myCloud/TinyLanguage/artifacts/converted_symbols/optimized_roundtrip/all_candidates/iter360_plat108_seed42/AC0884.svg
AC0884,AC0884_L.jpg,45,25,29.625778,48.680263,0.418667,240,72,1337,C:/Users/marku/myCloud/TinyLanguage/artifacts/converted_symbols/optimized_roundtrip/all_candidates/iter240_plat72_seed1337/AC0884.svg
AC0884,AC0884_L.jpg,45,25,30.096889,49.059791,0.416889,480,144,42,C:/Users/marku/myCloud/TinyLanguage/artifacts/converted_symbols/optimized_roundtrip/all_candidates/iter480_plat144_seed42/AC0884.svg
AC0884,AC0884_L.jpg,45,25,27.490667,49.616816,0.399111,0,0,0,artifacts/converted_symbols/svg/AC0884.svg
