Dateiname;Gefundene Elemente;Beste Iteration;Diff-Score
AC0870_L.jpg;SEMANTIC: Kreis + Buchstabe;1;22.85
AC0870_M.jpg;SEMANTIC: Kreis + Buchstabe;1;26.64
AC0870_S.jpg;SEMANTIC: Kreis + Buchstabe;1;37.14
AC0881_L.jpg;SEMANTIC: Kreis + Buchstabe + SEMANTIC: senkrechter Strich hinter dem Kreis;1;27.03
AC0881_M.jpg;SEMANTIC: Kreis + Buchstabe + SEMANTIC: senkrechter Strich hinter dem Kreis;1;25.25
AC0881_S.jpg;SEMANTIC: Kreis + Buchstabe + SEMANTIC: senkrechter Strich hinter dem Kreis;1;19.54
AC0882_L.jpg;SEMANTIC: Kreis + Buchstabe + SEMANTIC: waagrechter Strich links vom Kreis;1;32.23
AC0882_M.jpg;SEMANTIC: Kreis + Buchstabe + SEMANTIC: waagrechter Strich links vom Kreis;1;34.56
AC0882_S.jpg;SEMANTIC: Kreis + Buchstabe + SEMANTIC: waagrechter Strich links vom Kreis;1;35.01
