Dateiname;Gefundene Elemente;Beste Iteration;Diff-Score;FehlerProPixel
AC0010.jpg;embedded-raster;0;0.00;0.00000000
AC0011.jpg;embedded-raster;0;0.00;0.00000000
AC0020_L.jpg;embedded-raster;0;0.00;0.00000000
AC0020_M.jpg;embedded-raster;0;0.00;0.00000000
AC0020_S.jpg;embedded-raster;0;0.00;0.00000000
AC0021.jpg;embedded-raster;0;0.00;0.00000000
AC0022.jpg;embedded-raster;0;0.00;0.00000000
AC0023.jpg;embedded-raster;0;0.00;0.00000000
AC0024.jpg;embedded-raster;0;0.00;0.00000000
AC0025.jpg;embedded-raster;0;0.00;0.00000000
AC0026.jpg;embedded-raster;0;0.00;0.00000000
AC0030.jpg;embedded-raster;0;0.00;0.00000000
AC0030_L.jpg;embedded-raster;0;0.00;0.00000000
AC0030_M.jpg;embedded-raster;0;0.00;0.00000000
AC0030_S.jpg;embedded-raster;0;0.00;0.00000000
AC0040_L.jpg;embedded-raster;0;0.00;0.00000000
AC0040_M.jpg;embedded-raster;0;0.00;0.00000000
AC0040_S.jpg;embedded-raster;0;0.00;0.00000000
AC0050_L.jpg;embedded-raster;0;0.00;0.00000000
AC0050_M.jpg;embedded-raster;0;0.00;0.00000000
AC0050_S.jpg;embedded-raster;0;0.00;0.00000000
AC0060_L.jpg;embedded-raster;0;0.00;0.00000000
AC0060_M.jpg;embedded-raster;0;0.00;0.00000000
AC0060_S.jpg;embedded-raster;0;0.00;0.00000000
AC0070_L.jpg;embedded-raster;0;0.00;0.00000000
AC0070_M.jpg;embedded-raster;0;0.00;0.00000000
AC0070_S.jpg;embedded-raster;0;0.00;0.00000000
AC0080_L.jpg;embedded-raster;0;0.00;0.00000000
AC0080_M.jpg;embedded-raster;0;0.00;0.00000000
AC0080_S.jpg;embedded-raster;0;0.00;0.00000000
AC0090_L.jpg;embedded-raster;0;0.00;0.00000000
AC0090_M.jpg;embedded-raster;0;0.00;0.00000000
AC0090_S.jpg;embedded-raster;0;0.00;0.00000000
AC0100_L.jpg;embedded-raster;0;0.00;0.00000000
AC0100_M.jpg;embedded-raster;0;0.00;0.00000000
AC0100_S.jpg;embedded-raster;0;0.00;0.00000000
AC0110.jpg;embedded-raster;0;0.00;0.00000000
AC0110_L.jpg;embedded-raster;0;0.00;0.00000000
AC0110_M.jpg;embedded-raster;0;0.00;0.00000000
AC0110_S.jpg;embedded-raster;0;0.00;0.00000000
AC0120_L.jpg;embedded-raster;0;0.00;0.00000000
AC0120_M.jpg;embedded-raster;0;0.00;0.00000000
AC0120_S.jpg;embedded-raster;0;0.00;0.00000000
AC0130.jpg;embedded-raster;0;0.00;0.00000000
AC0130_L.jpg;embedded-raster;0;0.00;0.00000000
AC0130_M.jpg;embedded-raster;0;0.00;0.00000000
AC0130_S.jpg;embedded-raster;0;0.00;0.00000000
AC0140_L.jpg;embedded-raster;0;0.00;0.00000000
AC0140_M.jpg;embedded-raster;0;0.00;0.00000000
AC0140_S.jpg;embedded-raster;0;0.00;0.00000000
AC0150.jpg;embedded-raster;0;0.00;0.00000000
AC0150_1.jpg;embedded-raster;0;0.00;0.00000000
AC0150_2.jpg;embedded-raster;0;0.00;0.00000000
AC0150_L.jpg;embedded-raster;0;0.00;0.00000000
AC0150_M.jpg;embedded-raster;0;0.00;0.00000000
AC0150_S.jpg;embedded-raster;0;0.00;0.00000000
AC0151_L.jpg;embedded-raster;0;0.00;0.00000000
AC0151_M.jpg;embedded-raster;0;0.00;0.00000000
AC0151_S.jpg;embedded-raster;0;0.00;0.00000000
AC0152_L.jpg;embedded-raster;0;0.00;0.00000000
AC0152_M.jpg;embedded-raster;0;0.00;0.00000000
AC0152_S.jpg;embedded-raster;0;0.00;0.00000000
AC0153.jpg;embedded-raster;0;0.00;0.00000000
AC0153_L.jpg;embedded-raster;0;0.00;0.00000000
AC0153_M.jpg;embedded-raster;0;0.00;0.00000000
AC0153_S.jpg;embedded-raster;0;0.00;0.00000000
AC0160.JPG;embedded-raster;0;0.00;0.00000000
AC0160_L.jpg;embedded-raster;0;0.00;0.00000000
AC0160_M.jpg;embedded-raster;0;0.00;0.00000000
AC0160_S.jpg;embedded-raster;0;0.00;0.00000000
AC0201.jpg;embedded-raster;0;0.00;0.00000000
AC0201_1.jpg;embedded-raster;0;0.00;0.00000000
AC0201_2.jpg;embedded-raster;0;0.00;0.00000000
AC0201_L.jpg;embedded-raster;0;0.00;0.00000000
AC0201_L_sia.jpg;embedded-raster;0;0.00;0.00000000
AC0201_M.jpg;embedded-raster;0;0.00;0.00000000
AC0201_M_sia.jpg;embedded-raster;0;0.00;0.00000000
AC0201_S.jpg;embedded-raster;0;0.00;0.00000000
AC0201_S_sia.jpg;embedded-raster;0;0.00;0.00000000
AC0202.jpg;embedded-raster;0;0.00;0.00000000
AC0202_1.jpg;embedded-raster;0;0.00;0.00000000
AC0202_2.jpg;embedded-raster;0;0.00;0.00000000
AC0202_L.jpg;embedded-raster;0;0.00;0.00000000
AC0202_L_sia.jpg;embedded-raster;0;0.00;0.00000000
AC0202_M.jpg;embedded-raster;0;0.00;0.00000000
AC0202_M_sia.jpg;embedded-raster;0;0.00;0.00000000
AC0202_S.jpg;embedded-raster;0;0.00;0.00000000
AC0202_S_sia.jpg;embedded-raster;0;0.00;0.00000000
AC0203.jpg;embedded-raster;0;0.00;0.00000000
AC0203_1.jpg;embedded-raster;0;0.00;0.00000000
AC0203_2.jpg;embedded-raster;0;0.00;0.00000000
AC0203_L.jpg;embedded-raster;0;0.00;0.00000000
AC0203_L_sia.jpg;embedded-raster;0;0.00;0.00000000
AC0203_M.jpg;embedded-raster;0;0.00;0.00000000
AC0203_M_sia.jpg;embedded-raster;0;0.00;0.00000000
AC0203_S.jpg;embedded-raster;0;0.00;0.00000000
AC0203_S_sia.jpg;embedded-raster;0;0.00;0.00000000
AC0204.jpg;embedded-raster;0;0.00;0.00000000
AC0204_1.jpg;embedded-raster;0;0.00;0.00000000
AC0204_2.jpg;embedded-raster;0;0.00;0.00000000
AC0204_L.jpg;embedded-raster;0;0.00;0.00000000
AC0204_L_sia.jpg;embedded-raster;0;0.00;0.00000000
AC0204_M.jpg;embedded-raster;0;0.00;0.00000000
AC0204_M_sia.jpg;embedded-raster;0;0.00;0.00000000
AC0204_S.jpg;embedded-raster;0;0.00;0.00000000
AC0204_S_sia.jpg;embedded-raster;0;0.00;0.00000000
AC0211.jpg;embedded-raster;0;0.00;0.00000000
AC0211_L.jpg;embedded-raster;0;0.00;0.00000000
AC0211_M.jpg;embedded-raster;0;0.00;0.00000000
AC0211_S.jpg;embedded-raster;0;0.00;0.00000000
AC0212_L.jpg;embedded-raster;0;0.00;0.00000000
AC0212_M.jpg;embedded-raster;0;0.00;0.00000000
AC0212_S.jpg;embedded-raster;0;0.00;0.00000000
AC0213_L.jpg;embedded-raster;0;0.00;0.00000000
AC0213_M.jpg;embedded-raster;0;0.00;0.00000000
AC0213_S.jpg;embedded-raster;0;0.00;0.00000000
AC0214_L.jpg;embedded-raster;0;0.00;0.00000000
AC0214_M.jpg;embedded-raster;0;0.00;0.00000000
AC0214_S.jpg;embedded-raster;0;0.00;0.00000000
AC0221_L.jpg;embedded-raster;0;0.00;0.00000000
AC0221_L_sia.jpg;embedded-raster;0;0.00;0.00000000
AC0221_M.jpg;embedded-raster;0;0.00;0.00000000
AC0221_M_sia.jpg;embedded-raster;0;0.00;0.00000000
AC0221_S.jpg;embedded-raster;0;0.00;0.00000000
AC0221_S_sia.jpg;embedded-raster;0;0.00;0.00000000
AC0222.jpg;embedded-raster;0;0.00;0.00000000
AC0222_L.jpg;embedded-raster;0;0.00;0.00000000
AC0222_L_sia.jpg;embedded-raster;0;0.00;0.00000000
AC0222_M.jpg;embedded-raster;0;0.00;0.00000000
AC0222_M_sia.jpg;embedded-raster;0;0.00;0.00000000
AC0222_S.jpg;embedded-raster;0;0.00;0.00000000
AC0222_S_sia.jpg;embedded-raster;0;0.00;0.00000000
AC0223_L.jpg;embedded-raster;0;0.00;0.00000000
AC0223_L_sia.jpg;embedded-raster;0;0.00;0.00000000
AC0223_M.jpg;embedded-raster;0;0.00;0.00000000
AC0223_M_sia.jpg;embedded-raster;0;0.00;0.00000000
AC0223_S.jpg;embedded-raster;0;0.00;0.00000000
AC0223_S_sia.jpg;embedded-raster;0;0.00;0.00000000
AC0224_L.jpg;embedded-raster;0;0.00;0.00000000
AC0224_L_sia.jpg;embedded-raster;0;0.00;0.00000000
AC0224_M.jpg;embedded-raster;0;0.00;0.00000000
AC0224_M_sia.jpg;embedded-raster;0;0.00;0.00000000
AC0224_S.jpg;embedded-raster;0;0.00;0.00000000
AC0224_S_sia.jpg;embedded-raster;0;0.00;0.00000000
AC0231_L.jpg;embedded-raster;0;0.00;0.00000000
AC0231_M.jpg;embedded-raster;0;0.00;0.00000000
AC0231_S.jpg;embedded-raster;0;0.00;0.00000000
AC0232_L.jpg;embedded-raster;0;0.00;0.00000000
AC0232_M.jpg;embedded-raster;0;0.00;0.00000000
AC0232_S.jpg;embedded-raster;0;0.00;0.00000000
AC0233_L.jpg;embedded-raster;0;0.00;0.00000000
AC0233_M.jpg;embedded-raster;0;0.00;0.00000000
AC0233_S.jpg;embedded-raster;0;0.00;0.00000000
AC0234_L.jpg;embedded-raster;0;0.00;0.00000000
AC0234_M.jpg;embedded-raster;0;0.00;0.00000000
AC0234_S.jpg;embedded-raster;0;0.00;0.00000000
AC0241_L.jpg;embedded-raster;0;0.00;0.00000000
AC0241_M.jpg;embedded-raster;0;0.00;0.00000000
AC0241_S.jpg;embedded-raster;0;0.00;0.00000000
AC0242_L.jpg;embedded-raster;0;0.00;0.00000000
AC0242_M.jpg;embedded-raster;0;0.00;0.00000000
AC0242_S.jpg;embedded-raster;0;0.00;0.00000000
AC0243_L.jpg;embedded-raster;0;0.00;0.00000000
AC0243_M.jpg;embedded-raster;0;0.00;0.00000000
AC0243_S.jpg;embedded-raster;0;0.00;0.00000000
AC0244_L.jpg;embedded-raster;0;0.00;0.00000000
AC0244_M.jpg;embedded-raster;0;0.00;0.00000000
AC0244_S.jpg;embedded-raster;0;0.00;0.00000000
AC0251.jpg;embedded-raster;0;0.00;0.00000000
AC0251_1.jpg;embedded-raster;0;0.00;0.00000000
AC0251_2.jpg;embedded-raster;0;0.00;0.00000000
AC0252.jpg;embedded-raster;0;0.00;0.00000000
AC0252_1.jpg;embedded-raster;0;0.00;0.00000000
AC0252_2.jpg;embedded-raster;0;0.00;0.00000000
AC0253.jpg;embedded-raster;0;0.00;0.00000000
AC0253_1.jpg;embedded-raster;0;0.00;0.00000000
AC0253_2.jpg;embedded-raster;0;0.00;0.00000000
AC0254.jpg;embedded-raster;0;0.00;0.00000000
AC0254_1.jpg;embedded-raster;0;0.00;0.00000000
AC0254_2.jpg;embedded-raster;0;0.00;0.00000000
AC0261.jpg;embedded-raster;0;0.00;0.00000000
AC0271.jpg;embedded-raster;0;0.00;0.00000000
AC0301_1L_sia.jpg;embedded-raster;0;0.00;0.00000000
AC0301_1M_sia.jpg;embedded-raster;0;0.00;0.00000000
AC0301_1S_sia.jpg;embedded-raster;0;0.00;0.00000000
AC0301_1_L.jpg;embedded-raster;0;0.00;0.00000000
AC0301_1_M.jpg;embedded-raster;0;0.00;0.00000000
AC0301_1_S.jpg;embedded-raster;0;0.00;0.00000000
AC0301_2L_sia.jpg;embedded-raster;0;0.00;0.00000000
AC0301_2M_sia.jpg;embedded-raster;0;0.00;0.00000000
AC0301_2S_sia.jpg;embedded-raster;0;0.00;0.00000000
AC0301_2_L.jpg;embedded-raster;0;0.00;0.00000000
AC0301_2_M.jpg;embedded-raster;0;0.00;0.00000000
AC0301_2_S.jpg;embedded-raster;0;0.00;0.00000000
AC0301_L.jpg;embedded-raster;0;0.00;0.00000000
AC0301_L_sia.jpg;embedded-raster;0;0.00;0.00000000
AC0301_M.jpg;embedded-raster;0;0.00;0.00000000
AC0301_M_sia.jpg;embedded-raster;0;0.00;0.00000000
AC0301_S.jpg;embedded-raster;0;0.00;0.00000000
AC0301_S_sia.jpg;embedded-raster;0;0.00;0.00000000
AC0302_1L_sia.jpg;embedded-raster;0;0.00;0.00000000
AC0302_1M_sia.jpg;embedded-raster;0;0.00;0.00000000
AC0302_1S_sia.jpg;embedded-raster;0;0.00;0.00000000
AC0302_1_L.jpg;embedded-raster;0;0.00;0.00000000
AC0302_1_M.jpg;embedded-raster;0;0.00;0.00000000
AC0302_1_S.jpg;embedded-raster;0;0.00;0.00000000
AC0302_2L_sia.jpg;embedded-raster;0;0.00;0.00000000
AC0302_2M_sia.jpg;embedded-raster;0;0.00;0.00000000
AC0302_2S_sia.jpg;embedded-raster;0;0.00;0.00000000
AC0302_2_L.jpg;embedded-raster;0;0.00;0.00000000
AC0302_2_M.jpg;embedded-raster;0;0.00;0.00000000
AC0302_2_S.jpg;embedded-raster;0;0.00;0.00000000
AC0302_L.jpg;embedded-raster;0;0.00;0.00000000
AC0302_L_sia.jpg;embedded-raster;0;0.00;0.00000000
AC0302_M.jpg;embedded-raster;0;0.00;0.00000000
AC0302_M_sia.jpg;embedded-raster;0;0.00;0.00000000
AC0302_S.jpg;embedded-raster;0;0.00;0.00000000
AC0302_S_sia.jpg;embedded-raster;0;0.00;0.00000000
AC0303_1L_sia.jpg;embedded-raster;0;0.00;0.00000000
AC0303_1M_sia.jpg;embedded-raster;0;0.00;0.00000000
AC0303_1S_sia.jpg;embedded-raster;0;0.00;0.00000000
AC0303_1_L.jpg;embedded-raster;0;0.00;0.00000000
AC0303_1_M.jpg;embedded-raster;0;0.00;0.00000000
AC0303_1_S.jpg;embedded-raster;0;0.00;0.00000000
AC0303_2L_sia.jpg;embedded-raster;0;0.00;0.00000000
AC0303_2M_sia.jpg;embedded-raster;0;0.00;0.00000000
AC0303_2S_sia.jpg;embedded-raster;0;0.00;0.00000000
AC0303_2_L.jpg;embedded-raster;0;0.00;0.00000000
AC0303_2_M.jpg;embedded-raster;0;0.00;0.00000000
AC0303_2_S.jpg;embedded-raster;0;0.00;0.00000000
AC0303_L.jpg;embedded-raster;0;0.00;0.00000000
AC0303_L_sia.jpg;embedded-raster;0;0.00;0.00000000
AC0303_M.jpg;embedded-raster;0;0.00;0.00000000
AC0303_M_sia.jpg;embedded-raster;0;0.00;0.00000000
AC0303_S.jpg;embedded-raster;0;0.00;0.00000000
AC0303_S_sia.jpg;embedded-raster;0;0.00;0.00000000
AC0304_1L_sia.jpg;embedded-raster;0;0.00;0.00000000
AC0304_1M_sia.jpg;embedded-raster;0;0.00;0.00000000
AC0304_1S_sia.jpg;embedded-raster;0;0.00;0.00000000
AC0304_1_L.jpg;embedded-raster;0;0.00;0.00000000
AC0304_1_M.jpg;embedded-raster;0;0.00;0.00000000
AC0304_1_S.jpg;embedded-raster;0;0.00;0.00000000
AC0304_2L_sia.jpg;embedded-raster;0;0.00;0.00000000
AC0304_2M_sia.jpg;embedded-raster;0;0.00;0.00000000
AC0304_2S_sia.jpg;embedded-raster;0;0.00;0.00000000
AC0304_2_L.jpg;embedded-raster;0;0.00;0.00000000
AC0304_2_M.jpg;embedded-raster;0;0.00;0.00000000
AC0304_2_S.jpg;embedded-raster;0;0.00;0.00000000
AC0304_L.jpg;embedded-raster;0;0.00;0.00000000
AC0304_L_sia.jpg;embedded-raster;0;0.00;0.00000000
AC0304_M.jpg;embedded-raster;0;0.00;0.00000000
AC0304_M_sia.jpg;embedded-raster;0;0.00;0.00000000
AC0304_S.jpg;embedded-raster;0;0.00;0.00000000
AC0304_S_sia.jpg;embedded-raster;0;0.00;0.00000000
AC0401_1L_sia.jpg;embedded-raster;0;0.00;0.00000000
AC0401_1M_sia.jpg;embedded-raster;0;0.00;0.00000000
AC0401_1S_sia.jpg;embedded-raster;0;0.00;0.00000000
AC0401_1_L.jpg;embedded-raster;0;0.00;0.00000000
AC0401_1_M.jpg;embedded-raster;0;0.00;0.00000000
AC0401_1_S.jpg;embedded-raster;0;0.00;0.00000000
AC0401_2L_sia.jpg;embedded-raster;0;0.00;0.00000000
AC0401_2M_sia.jpg;embedded-raster;0;0.00;0.00000000
AC0401_2S_sia.jpg;embedded-raster;0;0.00;0.00000000
AC0401_2_L.jpg;embedded-raster;0;0.00;0.00000000
AC0401_2_M.jpg;embedded-raster;0;0.00;0.00000000
AC0401_2_S.jpg;embedded-raster;0;0.00;0.00000000
AC0401_L.jpg;embedded-raster;0;0.00;0.00000000
AC0401_L_sia.jpg;embedded-raster;0;0.00;0.00000000
AC0401_M.jpg;embedded-raster;0;0.00;0.00000000
AC0401_M_sia.jpg;embedded-raster;0;0.00;0.00000000
AC0401_S.jpg;embedded-raster;0;0.00;0.00000000
AC0401_S_sia.jpg;embedded-raster;0;0.00;0.00000000
AC0402.jpg;embedded-raster;0;0.00;0.00000000
AC0402_1.jpg;embedded-raster;0;0.00;0.00000000
AC0402_1L_sia.jpg;embedded-raster;0;0.00;0.00000000
AC0402_1M_sia.jpg;embedded-raster;0;0.00;0.00000000
AC0402_1S_sia.jpg;embedded-raster;0;0.00;0.00000000
AC0402_1_L.jpg;embedded-raster;0;0.00;0.00000000
AC0402_1_M.jpg;embedded-raster;0;0.00;0.00000000
AC0402_1_S.jpg;embedded-raster;0;0.00;0.00000000
AC0402_2.jpg;embedded-raster;0;0.00;0.00000000
AC0402_2L_sia.jpg;embedded-raster;0;0.00;0.00000000
AC0402_2M_sia.jpg;embedded-raster;0;0.00;0.00000000
AC0402_2S_sia.jpg;embedded-raster;0;0.00;0.00000000
AC0402_2_L.jpg;embedded-raster;0;0.00;0.00000000
AC0402_2_M.jpg;embedded-raster;0;0.00;0.00000000
AC0402_2_S.jpg;embedded-raster;0;0.00;0.00000000
AC0402_L.jpg;embedded-raster;0;0.00;0.00000000
AC0402_L_sia.jpg;embedded-raster;0;0.00;0.00000000
AC0402_M.jpg;embedded-raster;0;0.00;0.00000000
AC0402_M_sia.jpg;embedded-raster;0;0.00;0.00000000
AC0402_S.jpg;embedded-raster;0;0.00;0.00000000
AC0402_S_sia.jpg;embedded-raster;0;0.00;0.00000000
AC0403_1L_sia.jpg;embedded-raster;0;0.00;0.00000000
AC0403_1M_sia.jpg;embedded-raster;0;0.00;0.00000000
AC0403_1S_sia.jpg;embedded-raster;0;0.00;0.00000000
AC0403_1_L.jpg;embedded-raster;0;0.00;0.00000000
AC0403_1_M.jpg;embedded-raster;0;0.00;0.00000000
AC0403_1_S.jpg;embedded-raster;0;0.00;0.00000000
AC0403_2L_sia.jpg;embedded-raster;0;0.00;0.00000000
AC0403_2M_sia.jpg;embedded-raster;0;0.00;0.00000000
AC0403_2S_sia.jpg;embedded-raster;0;0.00;0.00000000
AC0403_2_L.jpg;embedded-raster;0;0.00;0.00000000
AC0403_2_M.jpg;embedded-raster;0;0.00;0.00000000
AC0403_2_S.jpg;embedded-raster;0;0.00;0.00000000
AC0403_L.jpg;embedded-raster;0;0.00;0.00000000
AC0403_L_sia.jpg;embedded-raster;0;0.00;0.00000000
AC0403_M.jpg;embedded-raster;0;0.00;0.00000000
AC0403_M_sia.jpg;embedded-raster;0;0.00;0.00000000
AC0403_S.jpg;embedded-raster;0;0.00;0.00000000
AC0403_S_sia.jpg;embedded-raster;0;0.00;0.00000000
AC0404_1L_sia.jpg;embedded-raster;0;0.00;0.00000000
AC0404_1M_sia.jpg;embedded-raster;0;0.00;0.00000000
AC0404_1S_sia.jpg;embedded-raster;0;0.00;0.00000000
AC0404_1_L.jpg;embedded-raster;0;0.00;0.00000000
AC0404_1_M.jpg;embedded-raster;0;0.00;0.00000000
AC0404_1_S.jpg;embedded-raster;0;0.00;0.00000000
AC0404_2L_sia.jpg;embedded-raster;0;0.00;0.00000000
AC0404_2M_sia.jpg;embedded-raster;0;0.00;0.00000000
AC0404_2S_sia.jpg;embedded-raster;0;0.00;0.00000000
AC0404_2_L.jpg;embedded-raster;0;0.00;0.00000000
AC0404_2_M.jpg;embedded-raster;0;0.00;0.00000000
AC0404_2_S.jpg;embedded-raster;0;0.00;0.00000000
AC0404_L.jpg;embedded-raster;0;0.00;0.00000000
AC0404_L_sia.jpg;embedded-raster;0;0.00;0.00000000
AC0404_M.jpg;embedded-raster;0;0.00;0.00000000
AC0404_M_sia.jpg;embedded-raster;0;0.00;0.00000000
AC0404_S.jpg;embedded-raster;0;0.00;0.00000000
AC0404_S_sia.jpg;embedded-raster;0;0.00;0.00000000
AC0411_1_L.jpg;embedded-raster;0;0.00;0.00000000
AC0411_1_M.jpg;embedded-raster;0;0.00;0.00000000
AC0411_1_S.jpg;embedded-raster;0;0.00;0.00000000
AC0411_2_L.jpg;embedded-raster;0;0.00;0.00000000
AC0411_2_M.jpg;embedded-raster;0;0.00;0.00000000
AC0411_2_S.jpg;embedded-raster;0;0.00;0.00000000
AC0411_L.jpg;embedded-raster;0;0.00;0.00000000
AC0411_M.jpg;embedded-raster;0;0.00;0.00000000
AC0411_S.jpg;embedded-raster;0;0.00;0.00000000
AC0412.jpg;embedded-raster;0;0.00;0.00000000
AC0412_1.jpg;embedded-raster;0;0.00;0.00000000
AC0412_1_L.jpg;embedded-raster;0;0.00;0.00000000
AC0412_1_M.jpg;embedded-raster;0;0.00;0.00000000
AC0412_1_S.jpg;embedded-raster;0;0.00;0.00000000
AC0412_2.jpg;embedded-raster;0;0.00;0.00000000
AC0412_2_L.jpg;embedded-raster;0;0.00;0.00000000
AC0412_2_M.jpg;embedded-raster;0;0.00;0.00000000
AC0412_2_S.jpg;embedded-raster;0;0.00;0.00000000
AC0412_L.jpg;embedded-raster;0;0.00;0.00000000
AC0412_M.jpg;embedded-raster;0;0.00;0.00000000
AC0412_S.jpg;embedded-raster;0;0.00;0.00000000
AC0413_1_L.jpg;embedded-raster;0;0.00;0.00000000
AC0413_1_M.jpg;embedded-raster;0;0.00;0.00000000
AC0413_1_S.jpg;embedded-raster;0;0.00;0.00000000
AC0413_2_L.jpg;embedded-raster;0;0.00;0.00000000
AC0413_2_M.jpg;embedded-raster;0;0.00;0.00000000
AC0413_2_S.jpg;embedded-raster;0;0.00;0.00000000
AC0413_L.jpg;embedded-raster;0;0.00;0.00000000
AC0413_M.jpg;embedded-raster;0;0.00;0.00000000
AC0413_S.jpg;embedded-raster;0;0.00;0.00000000
AC0414_1_L.jpg;embedded-raster;0;0.00;0.00000000
AC0414_1_M.jpg;embedded-raster;0;0.00;0.00000000
AC0414_1_S.jpg;embedded-raster;0;0.00;0.00000000
AC0414_2_L.jpg;embedded-raster;0;0.00;0.00000000
AC0414_2_M.jpg;embedded-raster;0;0.00;0.00000000
AC0414_2_S.jpg;embedded-raster;0;0.00;0.00000000
AC0414_L.jpg;embedded-raster;0;0.00;0.00000000
AC0414_M.jpg;embedded-raster;0;0.00;0.00000000
AC0414_S.jpg;embedded-raster;0;0.00;0.00000000
AC0421_1_L.jpg;embedded-raster;0;0.00;0.00000000
AC0421_1_M.jpg;embedded-raster;0;0.00;0.00000000
AC0421_1_S.jpg;embedded-raster;0;0.00;0.00000000
AC0421_2_L.jpg;embedded-raster;0;0.00;0.00000000
AC0421_2_M.jpg;embedded-raster;0;0.00;0.00000000
AC0421_2_S.jpg;embedded-raster;0;0.00;0.00000000
AC0421_L.jpg;embedded-raster;0;0.00;0.00000000
AC0421_M.jpg;embedded-raster;0;0.00;0.00000000
AC0421_S.jpg;embedded-raster;0;0.00;0.00000000
AC0422_1_L.jpg;embedded-raster;0;0.00;0.00000000
AC0422_1_M.jpg;embedded-raster;0;0.00;0.00000000
AC0422_1_S.jpg;embedded-raster;0;0.00;0.00000000
AC0422_2_L.jpg;embedded-raster;0;0.00;0.00000000
AC0422_2_M.jpg;embedded-raster;0;0.00;0.00000000
AC0422_2_S.jpg;embedded-raster;0;0.00;0.00000000
AC0422_L.jpg;embedded-raster;0;0.00;0.00000000
AC0422_M.jpg;embedded-raster;0;0.00;0.00000000
AC0422_S.jpg;embedded-raster;0;0.00;0.00000000
AC0423_1_L.jpg;embedded-raster;0;0.00;0.00000000
AC0423_1_M.jpg;embedded-raster;0;0.00;0.00000000
AC0423_1_S.jpg;embedded-raster;0;0.00;0.00000000
AC0423_2_L.jpg;embedded-raster;0;0.00;0.00000000
AC0423_2_M.jpg;embedded-raster;0;0.00;0.00000000
AC0423_2_S.jpg;embedded-raster;0;0.00;0.00000000
AC0423_L.jpg;embedded-raster;0;0.00;0.00000000
AC0423_M.jpg;embedded-raster;0;0.00;0.00000000
AC0423_S.jpg;embedded-raster;0;0.00;0.00000000
AC0424_1_L.jpg;embedded-raster;0;0.00;0.00000000
AC0424_1_M.jpg;embedded-raster;0;0.00;0.00000000
AC0424_1_S.jpg;embedded-raster;0;0.00;0.00000000
AC0424_2_L.jpg;embedded-raster;0;0.00;0.00000000
AC0424_2_M.jpg;embedded-raster;0;0.00;0.00000000
AC0424_2_S.jpg;embedded-raster;0;0.00;0.00000000
AC0424_L.jpg;embedded-raster;0;0.00;0.00000000
AC0424_M.jpg;embedded-raster;0;0.00;0.00000000
AC0424_S.jpg;embedded-raster;0;0.00;0.00000000
AC0501_1L_sia.jpg;embedded-raster;0;0.00;0.00000000
AC0501_1M_sia.jpg;embedded-raster;0;0.00;0.00000000
AC0501_1S_sia.jpg;embedded-raster;0;0.00;0.00000000
AC0501_1_L.jpg;embedded-raster;0;0.00;0.00000000
AC0501_1_M.jpg;embedded-raster;0;0.00;0.00000000
AC0501_1_S.jpg;embedded-raster;0;0.00;0.00000000
AC0501_2L_sia.jpg;embedded-raster;0;0.00;0.00000000
AC0501_2M_sia.jpg;embedded-raster;0;0.00;0.00000000
AC0501_2S_sia.jpg;embedded-raster;0;0.00;0.00000000
AC0501_2_L.jpg;embedded-raster;0;0.00;0.00000000
AC0501_2_M.jpg;embedded-raster;0;0.00;0.00000000
AC0501_2_S.jpg;embedded-raster;0;0.00;0.00000000
AC0501_L.jpg;embedded-raster;0;0.00;0.00000000
AC0501_L_sia.jpg;embedded-raster;0;0.00;0.00000000
AC0501_M.jpg;embedded-raster;0;0.00;0.00000000
AC0501_M_sia.jpg;embedded-raster;0;0.00;0.00000000
AC0501_S.jpg;embedded-raster;0;0.00;0.00000000
AC0501_S_sia.jpg;embedded-raster;0;0.00;0.00000000
AC0502_1L_sia.jpg;embedded-raster;0;0.00;0.00000000
AC0502_1M_sia.jpg;embedded-raster;0;0.00;0.00000000
AC0502_1S_sia.jpg;embedded-raster;0;0.00;0.00000000
AC0502_1_L.jpg;embedded-raster;0;0.00;0.00000000
AC0502_1_M.jpg;embedded-raster;0;0.00;0.00000000
AC0502_1_S.jpg;embedded-raster;0;0.00;0.00000000
AC0502_2L_sia.jpg;embedded-raster;0;0.00;0.00000000
AC0502_2M_sia.jpg;embedded-raster;0;0.00;0.00000000
AC0502_2S_sia.jpg;embedded-raster;0;0.00;0.00000000
AC0502_2_L.jpg;embedded-raster;0;0.00;0.00000000
AC0502_2_M.jpg;embedded-raster;0;0.00;0.00000000
AC0502_2_S.jpg;embedded-raster;0;0.00;0.00000000
AC0502_L.jpg;embedded-raster;0;0.00;0.00000000
AC0502_L_sia.jpg;embedded-raster;0;0.00;0.00000000
AC0502_M.jpg;embedded-raster;0;0.00;0.00000000
AC0502_M_sia.jpg;embedded-raster;0;0.00;0.00000000
AC0502_S.jpg;embedded-raster;0;0.00;0.00000000
AC0502_S_sia.jpg;embedded-raster;0;0.00;0.00000000
AC0503_1L_sia.jpg;embedded-raster;0;0.00;0.00000000
AC0503_1M_sia.jpg;embedded-raster;0;0.00;0.00000000
AC0503_1S_sia.jpg;embedded-raster;0;0.00;0.00000000
AC0503_2L_sia.jpg;embedded-raster;0;0.00;0.00000000
AC0503_2M_sia.jpg;embedded-raster;0;0.00;0.00000000
AC0503_2S_sia.jpg;embedded-raster;0;0.00;0.00000000
AC0503_L_sia.jpg;embedded-raster;0;0.00;0.00000000
AC0503_M_sia.jpg;embedded-raster;0;0.00;0.00000000
AC0503_S_sia.jpg;embedded-raster;0;0.00;0.00000000
AC0504_1L_sia.jpg;embedded-raster;0;0.00;0.00000000
AC0504_1M_sia.jpg;embedded-raster;0;0.00;0.00000000
AC0504_1S_sia.jpg;embedded-raster;0;0.00;0.00000000
AC0504_2L_sia.jpg;embedded-raster;0;0.00;0.00000000
AC0504_2M_sia.jpg;embedded-raster;0;0.00;0.00000000
AC0504_2S_sia.jpg;embedded-raster;0;0.00;0.00000000
AC0504_L_sia.jpg;embedded-raster;0;0.00;0.00000000
AC0504_M_sia.jpg;embedded-raster;0;0.00;0.00000000
AC0504_S_sia.jpg;embedded-raster;0;0.00;0.00000000
AC0511_1_L.jpg;embedded-raster;0;0.00;0.00000000
AC0511_1_M.jpg;embedded-raster;0;0.00;0.00000000
AC0511_1_S.jpg;embedded-raster;0;0.00;0.00000000
AC0511_L.jpg;embedded-raster;0;0.00;0.00000000
AC0511_M.jpg;embedded-raster;0;0.00;0.00000000
AC0511_S.jpg;embedded-raster;0;0.00;0.00000000
AC0512_1_L.jpg;embedded-raster;0;0.00;0.00000000
AC0512_1_M.jpg;embedded-raster;0;0.00;0.00000000
AC0512_1_S.jpg;embedded-raster;0;0.00;0.00000000
AC0512_L.jpg;embedded-raster;0;0.00;0.00000000
AC0512_M.jpg;embedded-raster;0;0.00;0.00000000
AC0512_S.jpg;embedded-raster;0;0.00;0.00000000
AC0521_L.jpg;embedded-raster;0;0.00;0.00000000
AC0521_M.jpg;embedded-raster;0;0.00;0.00000000
AC0521_S.jpg;embedded-raster;0;0.00;0.00000000
AC0522_L.jpg;embedded-raster;0;0.00;0.00000000
AC0522_M.jpg;embedded-raster;0;0.00;0.00000000
AC0522_S.jpg;embedded-raster;0;0.00;0.00000000
AC0531_1L_sia.jpg;embedded-raster;0;0.00;0.00000000
AC0531_1M_sia.jpg;embedded-raster;0;0.00;0.00000000
AC0531_1S_sia.jpg;embedded-raster;0;0.00;0.00000000
AC0531_1_L.jpg;embedded-raster;0;0.00;0.00000000
AC0531_1_M - Kopie (2).jpg;embedded-raster;0;0.00;0.00000000
AC0531_1_M - Kopie.jpg;embedded-raster;0;0.00;0.00000000
AC0531_1_M.jpg;embedded-raster;0;0.00;0.00000000
AC0531_1_S.jpg;embedded-raster;0;0.00;0.00000000
AC0531_2L_sia.jpg;embedded-raster;0;0.00;0.00000000
AC0531_2M_sia.jpg;embedded-raster;0;0.00;0.00000000
AC0531_2S_sia.jpg;embedded-raster;0;0.00;0.00000000
AC0531_2_L.jpg;embedded-raster;0;0.00;0.00000000
AC0531_2_M.jpg;embedded-raster;0;0.00;0.00000000
AC0531_2_S.jpg;embedded-raster;0;0.00;0.00000000
AC0531_L.jpg;embedded-raster;0;0.00;0.00000000
AC0531_L_sia.jpg;embedded-raster;0;0.00;0.00000000
AC0531_M.jpg;embedded-raster;0;0.00;0.00000000
AC0531_M_sia.jpg;embedded-raster;0;0.00;0.00000000
AC0531_S.jpg;embedded-raster;0;0.00;0.00000000
AC0531_S_sia.jpg;embedded-raster;0;0.00;0.00000000
AC0532_1L_sia.jpg;embedded-raster;0;0.00;0.00000000
AC0532_1M_sia.jpg;embedded-raster;0;0.00;0.00000000
AC0532_1S_sia.jpg;embedded-raster;0;0.00;0.00000000
AC0532_1_L.jpg;embedded-raster;0;0.00;0.00000000
AC0532_1_M.jpg;embedded-raster;0;0.00;0.00000000
AC0532_1_S.jpg;embedded-raster;0;0.00;0.00000000
AC0532_2L_sia.jpg;embedded-raster;0;0.00;0.00000000
AC0532_2M_sia.jpg;embedded-raster;0;0.00;0.00000000
AC0532_2S_sia.jpg;embedded-raster;0;0.00;0.00000000
AC0532_2_L.jpg;embedded-raster;0;0.00;0.00000000
AC0532_2_M.jpg;embedded-raster;0;0.00;0.00000000
AC0532_2_S.jpg;embedded-raster;0;0.00;0.00000000
AC0532_L.jpg;embedded-raster;0;0.00;0.00000000
AC0532_L_sia.jpg;embedded-raster;0;0.00;0.00000000
AC0532_M.jpg;embedded-raster;0;0.00;0.00000000
AC0532_M_sia.jpg;embedded-raster;0;0.00;0.00000000
AC0532_S.jpg;embedded-raster;0;0.00;0.00000000
AC0532_S_sia.jpg;embedded-raster;0;0.00;0.00000000
AC0533_1L_sia.jpg;embedded-raster;0;0.00;0.00000000
AC0533_1M_sia.jpg;embedded-raster;0;0.00;0.00000000
AC0533_1S_sia.jpg;embedded-raster;0;0.00;0.00000000
AC0533_2L_sia.jpg;embedded-raster;0;0.00;0.00000000
AC0533_2M_sia.jpg;embedded-raster;0;0.00;0.00000000
AC0533_2S_sia.jpg;embedded-raster;0;0.00;0.00000000
AC0533_L_sia.jpg;embedded-raster;0;0.00;0.00000000
AC0533_M_sia.jpg;embedded-raster;0;0.00;0.00000000
AC0533_S_sia.jpg;embedded-raster;0;0.00;0.00000000
AC0534_1L_sia.jpg;embedded-raster;0;0.00;0.00000000
AC0534_1M_sia.jpg;embedded-raster;0;0.00;0.00000000
AC0534_1S_sia.jpg;embedded-raster;0;0.00;0.00000000
AC0534_2L_sia.jpg;embedded-raster;0;0.00;0.00000000
AC0534_2M_sia.jpg;embedded-raster;0;0.00;0.00000000
AC0534_2S_sia.jpg;embedded-raster;0;0.00;0.00000000
AC0534_L_sia.jpg;embedded-raster;0;0.00;0.00000000
AC0534_M_sia.jpg;embedded-raster;0;0.00;0.00000000
AC0534_S_sia.jpg;embedded-raster;0;0.00;0.00000000
AC0535_1L_sia.jpg;embedded-raster;0;0.00;0.00000000
AC0535_1M_sia.jpg;embedded-raster;0;0.00;0.00000000
AC0535_1S_sia.jpg;embedded-raster;0;0.00;0.00000000
AC0535_2L_sia.jpg;embedded-raster;0;0.00;0.00000000
AC0535_2M_sia.jpg;embedded-raster;0;0.00;0.00000000
AC0535_2S_sia.jpg;embedded-raster;0;0.00;0.00000000
AC0535_L_sia.jpg;embedded-raster;0;0.00;0.00000000
AC0535_M_sia.jpg;embedded-raster;0;0.00;0.00000000
AC0535_S_sia.jpg;embedded-raster;0;0.00;0.00000000
AC0536_1L_sia.jpg;embedded-raster;0;0.00;0.00000000
AC0536_1M_sia.jpg;embedded-raster;0;0.00;0.00000000
AC0536_1S_sia.jpg;embedded-raster;0;0.00;0.00000000
AC0536_2L_sia.jpg;embedded-raster;0;0.00;0.00000000
AC0536_2M_sia.jpg;embedded-raster;0;0.00;0.00000000
AC0536_2S_sia.jpg;embedded-raster;0;0.00;0.00000000
AC0536_L_sia.jpg;embedded-raster;0;0.00;0.00000000
AC0536_M_sia.jpg;embedded-raster;0;0.00;0.00000000
AC0536_S_sia.jpg;embedded-raster;0;0.00;0.00000000
AC0537_1L_sia.jpg;embedded-raster;0;0.00;0.00000000
AC0537_1M_sia.jpg;embedded-raster;0;0.00;0.00000000
AC0537_1S_sia.jpg;embedded-raster;0;0.00;0.00000000
AC0537_2L_sia.jpg;embedded-raster;0;0.00;0.00000000
AC0537_2M_sia.jpg;embedded-raster;0;0.00;0.00000000
AC0537_2S_sia.jpg;embedded-raster;0;0.00;0.00000000
AC0537_L_sia.jpg;embedded-raster;0;0.00;0.00000000
AC0537_M_sia.jpg;embedded-raster;0;0.00;0.00000000
AC0537_S_sia.jpg;embedded-raster;0;0.00;0.00000000
AC0538_1L_sia.jpg;embedded-raster;0;0.00;0.00000000
AC0538_1M_sia.jpg;embedded-raster;0;0.00;0.00000000
AC0538_1S_sia.jpg;embedded-raster;0;0.00;0.00000000
AC0538_2L_sia.jpg;embedded-raster;0;0.00;0.00000000
AC0538_2M_sia.jpg;embedded-raster;0;0.00;0.00000000
AC0538_2S_sia.jpg;embedded-raster;0;0.00;0.00000000
AC0538_L_sia.jpg;embedded-raster;0;0.00;0.00000000
AC0538_M_sia.jpg;embedded-raster;0;0.00;0.00000000
AC0538_S_sia.jpg;embedded-raster;0;0.00;0.00000000
AC0541_1_L.jpg;embedded-raster;0;0.00;0.00000000
AC0541_1_M.jpg;embedded-raster;0;0.00;0.00000000
AC0541_1_S.jpg;embedded-raster;0;0.00;0.00000000
AC0541_2_L.jpg;embedded-raster;0;0.00;0.00000000
AC0541_2_M.jpg;embedded-raster;0;0.00;0.00000000
AC0541_2_S.jpg;embedded-raster;0;0.00;0.00000000
AC0541_L.jpg;embedded-raster;0;0.00;0.00000000
AC0541_M.jpg;embedded-raster;0;0.00;0.00000000
AC0541_S.jpg;embedded-raster;0;0.00;0.00000000
AC0542_1_L.jpg;embedded-raster;0;0.00;0.00000000
AC0542_1_M.jpg;embedded-raster;0;0.00;0.00000000
AC0542_1_S.jpg;embedded-raster;0;0.00;0.00000000
AC0542_2_L.jpg;embedded-raster;0;0.00;0.00000000
AC0542_2_M.jpg;embedded-raster;0;0.00;0.00000000
AC0542_2_S.jpg;embedded-raster;0;0.00;0.00000000
AC0542_L.jpg;embedded-raster;0;0.00;0.00000000
AC0542_M.jpg;embedded-raster;0;0.00;0.00000000
AC0542_S.jpg;embedded-raster;0;0.00;0.00000000
AC0551_1_L.jpg;embedded-raster;0;0.00;0.00000000
AC0551_1_M.jpg;embedded-raster;0;0.00;0.00000000
AC0551_1_S.jpg;embedded-raster;0;0.00;0.00000000
AC0551_2_L.jpg;embedded-raster;0;0.00;0.00000000
AC0551_2_M.jpg;embedded-raster;0;0.00;0.00000000
AC0551_2_S.jpg;embedded-raster;0;0.00;0.00000000
AC0551_L.jpg;embedded-raster;0;0.00;0.00000000
AC0551_M.jpg;embedded-raster;0;0.00;0.00000000
AC0551_S.jpg;embedded-raster;0;0.00;0.00000000
AC0552_1_L.jpg;embedded-raster;0;0.00;0.00000000
AC0552_1_M.jpg;embedded-raster;0;0.00;0.00000000
AC0552_1_S.jpg;embedded-raster;0;0.00;0.00000000
AC0552_2_L.jpg;embedded-raster;0;0.00;0.00000000
AC0552_2_M.jpg;embedded-raster;0;0.00;0.00000000
AC0552_2_S.jpg;embedded-raster;0;0.00;0.00000000
AC0552_L.jpg;embedded-raster;0;0.00;0.00000000
AC0552_M.jpg;embedded-raster;0;0.00;0.00000000
AC0552_S.jpg;embedded-raster;0;0.00;0.00000000
AC0553_1_L.jpg;embedded-raster;0;0.00;0.00000000
AC0553_1_M.jpg;embedded-raster;0;0.00;0.00000000
AC0553_1_S.jpg;embedded-raster;0;0.00;0.00000000
AC0553_2_L.jpg;embedded-raster;0;0.00;0.00000000
AC0553_2_M.jpg;embedded-raster;0;0.00;0.00000000
AC0553_2_S.jpg;embedded-raster;0;0.00;0.00000000
AC0553_L.jpg;embedded-raster;0;0.00;0.00000000
AC0553_M.jpg;embedded-raster;0;0.00;0.00000000
AC0553_S.jpg;embedded-raster;0;0.00;0.00000000
AC0554_1_L.jpg;embedded-raster;0;0.00;0.00000000
AC0554_1_M.jpg;embedded-raster;0;0.00;0.00000000
AC0554_1_S.jpg;embedded-raster;0;0.00;0.00000000
AC0554_2_L.jpg;embedded-raster;0;0.00;0.00000000
AC0554_2_M.jpg;embedded-raster;0;0.00;0.00000000
AC0554_2_S.jpg;embedded-raster;0;0.00;0.00000000
AC0554_L.jpg;embedded-raster;0;0.00;0.00000000
AC0554_M.jpg;embedded-raster;0;0.00;0.00000000
AC0554_S.jpg;embedded-raster;0;0.00;0.00000000
AC0561_sia_L.jpg;embedded-raster;0;0.00;0.00000000
AC0561_sia_M.jpg;embedded-raster;0;0.00;0.00000000
AC0561_sia_S.jpg;embedded-raster;0;0.00;0.00000000
AC0562_sia_L.jpg;embedded-raster;0;0.00;0.00000000
AC0562_sia_M.jpg;embedded-raster;0;0.00;0.00000000
AC0562_sia_S.jpg;embedded-raster;0;0.00;0.00000000
AC0572_L.jpg;embedded-raster;0;0.00;0.00000000
AC0572_M.jpg;embedded-raster;0;0.00;0.00000000
AC0572_S.jpg;embedded-raster;0;0.00;0.00000000
AC0573_L.jpg;embedded-raster;0;0.00;0.00000000
AC0573_M.jpg;embedded-raster;0;0.00;0.00000000
AC0573_S.jpg;embedded-raster;0;0.00;0.00000000
AC0701_1_L.jpg;embedded-raster;0;0.00;0.00000000
AC0701_1_M.jpg;embedded-raster;0;0.00;0.00000000
AC0701_1_S.jpg;embedded-raster;0;0.00;0.00000000
AC0701_L.jpg;embedded-raster;0;0.00;0.00000000
AC0701_M.jpg;embedded-raster;0;0.00;0.00000000
AC0701_S.jpg;embedded-raster;0;0.00;0.00000000
AC0702_1_L.jpg;embedded-raster;0;0.00;0.00000000
AC0702_1_M.jpg;embedded-raster;0;0.00;0.00000000
AC0702_1_S.jpg;embedded-raster;0;0.00;0.00000000
AC0702_L.jpg;embedded-raster;0;0.00;0.00000000
AC0702_M.jpg;embedded-raster;0;0.00;0.00000000
AC0702_S.jpg;embedded-raster;0;0.00;0.00000000
AC0703_1_L.jpg;embedded-raster;0;0.00;0.00000000
AC0703_1_M.jpg;embedded-raster;0;0.00;0.00000000
AC0703_1_S.jpg;embedded-raster;0;0.00;0.00000000
AC0703_L.jpg;embedded-raster;0;0.00;0.00000000
AC0703_M.jpg;embedded-raster;0;0.00;0.00000000
AC0703_S.jpg;embedded-raster;0;0.00;0.00000000
AC0704_1_L.jpg;embedded-raster;0;0.00;0.00000000
AC0704_1_M.jpg;embedded-raster;0;0.00;0.00000000
AC0704_1_S.jpg;embedded-raster;0;0.00;0.00000000
AC0704_L.jpg;embedded-raster;0;0.00;0.00000000
AC0704_M.jpg;embedded-raster;0;0.00;0.00000000
AC0704_S.jpg;embedded-raster;0;0.00;0.00000000
AC0711_1_L.jpg;embedded-raster;0;0.00;0.00000000
AC0711_1_M.jpg;embedded-raster;0;0.00;0.00000000
AC0711_1_S.jpg;embedded-raster;0;0.00;0.00000000
AC0711_L.jpg;embedded-raster;0;0.00;0.00000000
AC0711_M.jpg;embedded-raster;0;0.00;0.00000000
AC0711_S.jpg;embedded-raster;0;0.00;0.00000000
AC0712_1_L.jpg;embedded-raster;0;0.00;0.00000000
AC0712_1_M.jpg;embedded-raster;0;0.00;0.00000000
AC0712_1_S.jpg;embedded-raster;0;0.00;0.00000000
AC0712_L.jpg;embedded-raster;0;0.00;0.00000000
AC0712_M.jpg;embedded-raster;0;0.00;0.00000000
AC0712_S.jpg;embedded-raster;0;0.00;0.00000000
AC0713_1_L.jpg;embedded-raster;0;0.00;0.00000000
AC0713_1_M.jpg;embedded-raster;0;0.00;0.00000000
AC0713_1_S.jpg;embedded-raster;0;0.00;0.00000000
AC0713_L.jpg;embedded-raster;0;0.00;0.00000000
AC0713_M.jpg;embedded-raster;0;0.00;0.00000000
AC0713_S.jpg;embedded-raster;0;0.00;0.00000000
AC0714_1_L.jpg;embedded-raster;0;0.00;0.00000000
AC0714_1_M.jpg;embedded-raster;0;0.00;0.00000000
AC0714_1_S.jpg;embedded-raster;0;0.00;0.00000000
AC0714_L.jpg;embedded-raster;0;0.00;0.00000000
AC0714_M.jpg;embedded-raster;0;0.00;0.00000000
AC0714_S.jpg;embedded-raster;0;0.00;0.00000000
AC0721_1_L.jpg;embedded-raster;0;0.00;0.00000000
AC0721_1_M.jpg;embedded-raster;0;0.00;0.00000000
AC0721_1_S.jpg;embedded-raster;0;0.00;0.00000000
AC0721_L.jpg;embedded-raster;0;0.00;0.00000000
AC0721_M.jpg;embedded-raster;0;0.00;0.00000000
AC0721_S.jpg;embedded-raster;0;0.00;0.00000000
AC0722_1_L.jpg;embedded-raster;0;0.00;0.00000000
AC0722_1_M.jpg;embedded-raster;0;0.00;0.00000000
AC0722_1_S.jpg;embedded-raster;0;0.00;0.00000000
AC0722_L.jpg;embedded-raster;0;0.00;0.00000000
AC0722_M.jpg;embedded-raster;0;0.00;0.00000000
AC0722_S.jpg;embedded-raster;0;0.00;0.00000000
AC0723_1_L.jpg;embedded-raster;0;0.00;0.00000000
AC0723_1_M.jpg;embedded-raster;0;0.00;0.00000000
AC0723_1_S.jpg;embedded-raster;0;0.00;0.00000000
AC0723_L.jpg;embedded-raster;0;0.00;0.00000000
AC0723_M.jpg;embedded-raster;0;0.00;0.00000000
AC0723_S.jpg;embedded-raster;0;0.00;0.00000000
AC0724_1_L.jpg;embedded-raster;0;0.00;0.00000000
AC0724_1_M.jpg;embedded-raster;0;0.00;0.00000000
AC0724_1_S.jpg;embedded-raster;0;0.00;0.00000000
AC0724_L.jpg;embedded-raster;0;0.00;0.00000000
AC0724_M.jpg;embedded-raster;0;0.00;0.00000000
AC0724_S.jpg;embedded-raster;0;0.00;0.00000000
AC0731_1_L.jpg;embedded-raster;0;0.00;0.00000000
AC0731_1_M.jpg;embedded-raster;0;0.00;0.00000000
AC0731_1_S.jpg;embedded-raster;0;0.00;0.00000000
AC0731_L.jpg;embedded-raster;0;0.00;0.00000000
AC0731_M.jpg;embedded-raster;0;0.00;0.00000000
AC0731_S.jpg;embedded-raster;0;0.00;0.00000000
AC0732_1_L.jpg;embedded-raster;0;0.00;0.00000000
AC0732_1_M.jpg;embedded-raster;0;0.00;0.00000000
AC0732_1_S.jpg;embedded-raster;0;0.00;0.00000000
AC0732_L.jpg;embedded-raster;0;0.00;0.00000000
AC0732_M.jpg;embedded-raster;0;0.00;0.00000000
AC0732_S.jpg;embedded-raster;0;0.00;0.00000000
AC0733_1_L.jpg;embedded-raster;0;0.00;0.00000000
AC0733_1_M.jpg;embedded-raster;0;0.00;0.00000000
AC0733_1_S.jpg;embedded-raster;0;0.00;0.00000000
AC0733_L.jpg;embedded-raster;0;0.00;0.00000000
AC0733_M.jpg;embedded-raster;0;0.00;0.00000000
AC0733_S.jpg;embedded-raster;0;0.00;0.00000000
AC0734_1_L.jpg;embedded-raster;0;0.00;0.00000000
AC0734_1_M.jpg;embedded-raster;0;0.00;0.00000000
AC0734_1_S.jpg;embedded-raster;0;0.00;0.00000000
AC0734_L.jpg;embedded-raster;0;0.00;0.00000000
AC0734_M.jpg;embedded-raster;0;0.00;0.00000000
AC0734_S.jpg;embedded-raster;0;0.00;0.00000000
AC0800_L.jpg;embedded-raster;0;0.00;0.00000000
AC0800_M.jpg;embedded-raster;0;0.00;0.00000000
AC0800_S.jpg;embedded-raster;0;0.00;0.00000000
AC0811_L.jpg;embedded-raster;0;0.00;0.00000000
AC0811_M.jpg;embedded-raster;0;0.00;0.00000000
AC0811_S.jpg;embedded-raster;0;0.00;0.00000000
AC0812_L.jpg;embedded-raster;0;0.00;0.00000000
AC0812_M.jpg;embedded-raster;0;0.00;0.00000000
AC0812_S.jpg;embedded-raster;0;0.00;0.00000000
AC0813_L.jpg;embedded-raster;0;0.00;0.00000000
AC0813_M.jpg;embedded-raster;0;0.00;0.00000000
AC0813_S.jpg;embedded-raster;0;0.00;0.00000000
AC0814_L.jpg;embedded-raster;0;0.00;0.00000000
AC0814_M.jpg;embedded-raster;0;0.00;0.00000000
AC0814_S.jpg;embedded-raster;0;0.00;0.00000000
AC0820_L.jpg;embedded-raster;0;0.00;0.00000000
AC0820_M.jpg;embedded-raster;0;0.00;0.00000000
AC0820_S.jpg;embedded-raster;0;0.00;0.00000000
AC0831_L.jpg;embedded-raster;0;0.00;0.00000000
AC0831_M.jpg;embedded-raster;0;0.00;0.00000000
AC0831_S.jpg;embedded-raster;0;0.00;0.00000000
AC0832_L.jpg;embedded-raster;0;0.00;0.00000000
AC0832_M.jpg;embedded-raster;0;0.00;0.00000000
AC0832_S.jpg;embedded-raster;0;0.00;0.00000000
AC0833_L.jpg;embedded-raster;0;0.00;0.00000000
AC0833_M.jpg;embedded-raster;0;0.00;0.00000000
AC0833_S.jpg;embedded-raster;0;0.00;0.00000000
AC0834_L.jpg;embedded-raster;0;0.00;0.00000000
AC0834_M.jpg;embedded-raster;0;0.00;0.00000000
AC0834_S.jpg;embedded-raster;0;0.00;0.00000000
AC0835_L.jpg;embedded-raster;0;0.00;0.00000000
AC0835_M.jpg;embedded-raster;0;0.00;0.00000000
AC0835_S.jpg;embedded-raster;0;0.00;0.00000000
AC0836_L.jpg;embedded-raster;0;0.00;0.00000000
AC0836_M.jpg;embedded-raster;0;0.00;0.00000000
AC0836_S.jpg;embedded-raster;0;0.00;0.00000000
AC0837_L.jpg;embedded-raster;0;0.00;0.00000000
AC0837_M.jpg;embedded-raster;0;0.00;0.00000000
AC0837_S.jpg;embedded-raster;0;0.00;0.00000000
AC0838_L.jpg;embedded-raster;0;0.00;0.00000000
AC0838_M.jpg;embedded-raster;0;0.00;0.00000000
AC0838_S.jpg;embedded-raster;0;0.00;0.00000000
AC0839_L.jpg;embedded-raster;0;0.00;0.00000000
AC0839_M.jpg;embedded-raster;0;0.00;0.00000000
AC0839_S.jpg;embedded-raster;0;0.00;0.00000000
AC0840_L.jpg;embedded-raster;0;0.00;0.00000000
AC0840_M.jpg;embedded-raster;0;0.00;0.00000000
AC0840_S.jpg;embedded-raster;0;0.00;0.00000000
AC0841_L.jpg;embedded-raster;0;0.00;0.00000000
AC0841_M.jpg;embedded-raster;0;0.00;0.00000000
AC0841_S.jpg;embedded-raster;0;0.00;0.00000000
AC0842_L.jpg;embedded-raster;0;0.00;0.00000000
AC0842_M.jpg;embedded-raster;0;0.00;0.00000000
AC0842_S.jpg;embedded-raster;0;0.00;0.00000000
AC0843_L.jpg;embedded-raster;0;0.00;0.00000000
AC0843_M.jpg;embedded-raster;0;0.00;0.00000000
AC0843_S.jpg;embedded-raster;0;0.00;0.00000000
AC0844_L.jpg;embedded-raster;0;0.00;0.00000000
AC0844_M.jpg;embedded-raster;0;0.00;0.00000000
AC0844_S.jpg;embedded-raster;0;0.00;0.00000000
AC0845_L.jpg;embedded-raster;0;0.00;0.00000000
AC0845_M.jpg;embedded-raster;0;0.00;0.00000000
AC0845_S.jpg;embedded-raster;0;0.00;0.00000000
AC0846_L.jpg;embedded-raster;0;0.00;0.00000000
AC0846_M.jpg;embedded-raster;0;0.00;0.00000000
AC0846_S.jpg;embedded-raster;0;0.00;0.00000000
AC0847_L.jpg;embedded-raster;0;0.00;0.00000000
AC0847_M.jpg;embedded-raster;0;0.00;0.00000000
AC0847_S.jpg;embedded-raster;0;0.00;0.00000000
AC0848_L.jpg;embedded-raster;0;0.00;0.00000000
AC0848_M.jpg;embedded-raster;0;0.00;0.00000000
AC0848_S.jpg;embedded-raster;0;0.00;0.00000000
AC0849_L.jpg;embedded-raster;0;0.00;0.00000000
AC0849_M.jpg;embedded-raster;0;0.00;0.00000000
AC0849_S.jpg;embedded-raster;0;0.00;0.00000000
AC0850_L.jpg;embedded-raster;0;0.00;0.00000000
AC0850_M.jpg;embedded-raster;0;0.00;0.00000000
AC0850_S.jpg;embedded-raster;0;0.00;0.00000000
AC0861_L.jpg;embedded-raster;0;0.00;0.00000000
AC0861_M.jpg;embedded-raster;0;0.00;0.00000000
AC0861_S.jpg;embedded-raster;0;0.00;0.00000000
AC0862_L.jpg;embedded-raster;0;0.00;0.00000000
AC0862_M.jpg;embedded-raster;0;0.00;0.00000000
AC0862_S.jpg;embedded-raster;0;0.00;0.00000000
AC0863_L.jpg;embedded-raster;0;0.00;0.00000000
AC0863_M.jpg;embedded-raster;0;0.00;0.00000000
AC0863_S.jpg;embedded-raster;0;0.00;0.00000000
AC0864_L.jpg;embedded-raster;0;0.00;0.00000000
AC0864_M.jpg;embedded-raster;0;0.00;0.00000000
AC0864_S.jpg;embedded-raster;0;0.00;0.00000000
AC0870_L.jpg;embedded-raster;0;0.00;0.00000000
AC0870_M.jpg;embedded-raster;0;0.00;0.00000000
AC0870_S.jpg;embedded-raster;0;0.00;0.00000000
AC0881_L.jpg;embedded-raster;0;0.00;0.00000000
AC0881_M.jpg;embedded-raster;0;0.00;0.00000000
AC0881_S.jpg;embedded-raster;0;0.00;0.00000000
AC0882_L.jpg;embedded-raster;0;0.00;0.00000000
AC0882_M.jpg;embedded-raster;0;0.00;0.00000000
AC0882_S.jpg;embedded-raster;0;0.00;0.00000000
AC0883_L.jpg;embedded-raster;0;0.00;0.00000000
AC0883_M.jpg;embedded-raster;0;0.00;0.00000000
AC0883_S.jpg;embedded-raster;0;0.00;0.00000000
AC0884_L.jpg;embedded-raster;0;0.00;0.00000000
AC0884_M.jpg;embedded-raster;0;0.00;0.00000000
AC0884_S.jpg;embedded-raster;0;0.00;0.00000000
AC0890_L.jpg;embedded-raster;0;0.00;0.00000000
AC0890_M.jpg;embedded-raster;0;0.00;0.00000000
AC0890_S.jpg;embedded-raster;0;0.00;0.00000000
AC0900_L.jpg;embedded-raster;0;0.00;0.00000000
AC0900_M.jpg;embedded-raster;0;0.00;0.00000000
AC0900_S.jpg;embedded-raster;0;0.00;0.00000000
AC0901_L.jpg;embedded-raster;0;0.00;0.00000000
AC0901_M.jpg;embedded-raster;0;0.00;0.00000000
AC0901_S.jpg;embedded-raster;0;0.00;0.00000000
AC0910_L.jpg;embedded-raster;0;0.00;0.00000000
AC0910_M.jpg;embedded-raster;0;0.00;0.00000000
AC0910_S.jpg;embedded-raster;0;0.00;0.00000000
AC0911_L.jpg;embedded-raster;0;0.00;0.00000000
AC0911_M.jpg;embedded-raster;0;0.00;0.00000000
AC0911_S.jpg;embedded-raster;0;0.00;0.00000000
AC0912_L.jpg;embedded-raster;0;0.00;0.00000000
AC0912_M.jpg;embedded-raster;0;0.00;0.00000000
AC0912_S.jpg;embedded-raster;0;0.00;0.00000000
AC0913_L.jpg;embedded-raster;0;0.00;0.00000000
AC0913_M.jpg;embedded-raster;0;0.00;0.00000000
AC0913_S.jpg;embedded-raster;0;0.00;0.00000000
AC0914_L.jpg;embedded-raster;0;0.00;0.00000000
AC0914_M.jpg;embedded-raster;0;0.00;0.00000000
AC0914_S.jpg;embedded-raster;0;0.00;0.00000000
AC0920_L.jpg;embedded-raster;0;0.00;0.00000000
AC0920_M.jpg;embedded-raster;0;0.00;0.00000000
AC0920_S.jpg;embedded-raster;0;0.00;0.00000000
AC0921_L.jpg;embedded-raster;0;0.00;0.00000000
AC0921_M.jpg;embedded-raster;0;0.00;0.00000000
AC0921_S.jpg;embedded-raster;0;0.00;0.00000000
AC0922_L.jpg;embedded-raster;0;0.00;0.00000000
AC0922_M.jpg;embedded-raster;0;0.00;0.00000000
AC0922_S.jpg;embedded-raster;0;0.00;0.00000000
AC0923_L.jpg;embedded-raster;0;0.00;0.00000000
AC0923_M.jpg;embedded-raster;0;0.00;0.00000000
AC0923_S.jpg;embedded-raster;0;0.00;0.00000000
AC0924_L.jpg;embedded-raster;0;0.00;0.00000000
AC0924_M.jpg;embedded-raster;0;0.00;0.00000000
AC0924_S.jpg;embedded-raster;0;0.00;0.00000000
AC0930_L.jpg;embedded-raster;0;0.00;0.00000000
AC0930_M.jpg;embedded-raster;0;0.00;0.00000000
AC0930_S.jpg;embedded-raster;0;0.00;0.00000000
AC0931_L.jpg;embedded-raster;0;0.00;0.00000000
AC0931_M.jpg;embedded-raster;0;0.00;0.00000000
AC0931_S.jpg;embedded-raster;0;0.00;0.00000000
AC0932_L.jpg;embedded-raster;0;0.00;0.00000000
AC0932_M.jpg;embedded-raster;0;0.00;0.00000000
AC0932_S.jpg;embedded-raster;0;0.00;0.00000000
AC0933_L.jpg;embedded-raster;0;0.00;0.00000000
AC0933_M.jpg;embedded-raster;0;0.00;0.00000000
AC0933_S.jpg;embedded-raster;0;0.00;0.00000000
AC0934_L.jpg;embedded-raster;0;0.00;0.00000000
AC0934_M.jpg;embedded-raster;0;0.00;0.00000000
AC0934_S.jpg;embedded-raster;0;0.00;0.00000000
AC0VR2_AB_M.jpg;embedded-raster;0;0.00;0.00000000
AC0VR2_M - Kopie.jpg;embedded-raster;0;0.00;0.00000000
AC0VR2_M.jpg;embedded-raster;0;0.00;0.00000000
AC0VR2_ZL_M.jpg;embedded-raster;0;0.00;0.00000000
AC1000_L.jpg;embedded-raster;0;0.00;0.00000000
AC1000_M.jpg;embedded-raster;0;0.00;0.00000000
AC1000_S.jpg;embedded-raster;0;0.00;0.00000000
AC1001_L.jpg;embedded-raster;0;0.00;0.00000000
AC1001_M.jpg;embedded-raster;0;0.00;0.00000000
AC1001_S.jpg;embedded-raster;0;0.00;0.00000000
AC1002_L.jpg;embedded-raster;0;0.00;0.00000000
AC1002_M.jpg;embedded-raster;0;0.00;0.00000000
AC1002_S.jpg;embedded-raster;0;0.00;0.00000000
AC1003_L.jpg;embedded-raster;0;0.00;0.00000000
AC1003_M.jpg;embedded-raster;0;0.00;0.00000000
AC1003_S.jpg;embedded-raster;0;0.00;0.00000000
AC1004_L.jpg;embedded-raster;0;0.00;0.00000000
AC1004_M.jpg;embedded-raster;0;0.00;0.00000000
AC1004_S.jpg;embedded-raster;0;0.00;0.00000000
AC100_1_M.jpg;embedded-raster;0;0.00;0.00000000
AC110_1_M.jpg;embedded-raster;0;0.00;0.00000000
AC5000_L.jpg;embedded-raster;0;0.00;0.00000000
AC5000_M.jpg;embedded-raster;0;0.00;0.00000000
AC5000_S.jpg;embedded-raster;0;0.00;0.00000000
AC5000_S_HZ.jpg;embedded-raster;0;0.00;0.00000000
AC5000_S_KH.jpg;embedded-raster;0;0.00;0.00000000
AC5010_L.jpg;embedded-raster;0;0.00;0.00000000
AC5010_L_PKW.jpg;embedded-raster;0;0.00;0.00000000
AC5010_M.jpg;embedded-raster;0;0.00;0.00000000
AC5010_S.jpg;embedded-raster;0;0.00;0.00000000
AC5020_L.jpg;embedded-raster;0;0.00;0.00000000
AC5020_M.jpg;embedded-raster;0;0.00;0.00000000
AC5020_S.jpg;embedded-raster;0;0.00;0.00000000
AC5030_L.jpg;embedded-raster;0;0.00;0.00000000
AC5030_M.jpg;embedded-raster;0;0.00;0.00000000
AC5030_S.jpg;embedded-raster;0;0.00;0.00000000
AC5040_L.jpg;embedded-raster;0;0.00;0.00000000
AC5040_M.jpg;embedded-raster;0;0.00;0.00000000
AC5040_S.jpg;embedded-raster;0;0.00;0.00000000
AC5041_M.jpg;embedded-raster;0;0.00;0.00000000
AC5050_L.jpg;embedded-raster;0;0.00;0.00000000
AC5050_M.jpg;embedded-raster;0;0.00;0.00000000
AC5050_S.jpg;embedded-raster;0;0.00;0.00000000
ALD1.jpg;embedded-raster;0;0.00;0.00000000
ALE3.jpg;embedded-raster;0;0.00;0.00000000
AR0021.jpg;embedded-raster;0;0.00;0.00000000
AR0022.jpg;embedded-raster;0;0.00;0.00000000
AR0023.jpg;embedded-raster;0;0.00;0.00000000
AR0024.jpg;embedded-raster;0;0.00;0.00000000
AR0030.jpg;embedded-raster;0;0.00;0.00000000
AR0030_1.jpg;embedded-raster;0;0.00;0.00000000
AR0030_2.jpg;embedded-raster;0;0.00;0.00000000
AR0041.jpg;embedded-raster;0;0.00;0.00000000
AR0042.jpg;embedded-raster;0;0.00;0.00000000
AR0043.jpg;embedded-raster;0;0.00;0.00000000
AR0044.jpg;embedded-raster;0;0.00;0.00000000
AR0061.jpg;embedded-raster;0;0.00;0.00000000
AR0062.jpg;embedded-raster;0;0.00;0.00000000
AR0063.jpg;embedded-raster;0;0.00;0.00000000
AR0064.jpg;embedded-raster;0;0.00;0.00000000
AR0081.jpg;embedded-raster;0;0.00;0.00000000
AR0082.jpg;embedded-raster;0;0.00;0.00000000
AR0083.jpg;embedded-raster;0;0.00;0.00000000
AR0084.jpg;embedded-raster;0;0.00;0.00000000
AR0100.jpg;embedded-raster;0;0.00;0.00000000
AR0101.jpg;embedded-raster;0;0.00;0.00000000
AR0102.jpg;embedded-raster;0;0.00;0.00000000
AR0103.jpg;embedded-raster;0;0.00;0.00000000
AR0104.jpg;embedded-raster;0;0.00;0.00000000
AR0110.jpg;embedded-raster;0;0.00;0.00000000
AR0110_1.jpg;embedded-raster;0;0.00;0.00000000
AR0110_2.jpg;embedded-raster;0;0.00;0.00000000
AR0140.jpg;embedded-raster;0;0.00;0.00000000
AR0140_1.jpg;embedded-raster;0;0.00;0.00000000
AR0140_2.jpg;embedded-raster;0;0.00;0.00000000
AWD3.jpg;embedded-raster;0;0.00;0.00000000
BW.jpg;embedded-raster;0;0.00;0.00000000
BackBottom.jpg;embedded-raster;0;0.00;0.00000000
BackColorFullScreen.JPG;embedded-raster;0;0.00;0.00000000
BackColorPopUp.JPG;embedded-raster;0;0.00;0.00000000
DLG0000.jpg;embedded-raster;0;0.00;0.00000000
DLG0001.JPG;embedded-raster;0;0.00;0.00000000
DLG0002.jpg;embedded-raster;0;0.00;0.00000000
DLG0003.jpg;embedded-raster;0;0.00;0.00000000
DLG0010.JPG;embedded-raster;0;0.00;0.00000000
DLG0010_1.JPG;embedded-raster;0;0.00;0.00000000
DLG0011.JPG;embedded-raster;0;0.00;0.00000000
DLG0012.JPG;embedded-raster;0;0.00;0.00000000
DLG0013.JPG;embedded-raster;0;0.00;0.00000000
DLG0014.JPG;embedded-raster;0;0.00;0.00000000
DLG0015.JPG;embedded-raster;0;0.00;0.00000000
DLG0016.JPG;embedded-raster;0;0.00;0.00000000
DLG0017.JPG;embedded-raster;0;0.00;0.00000000
DLG0018.JPG;embedded-raster;0;0.00;0.00000000
DLG0020.jpg;embedded-raster;0;0.00;0.00000000
DLG0021.jpg;embedded-raster;0;0.00;0.00000000
DLG0030.jpg;embedded-raster;0;0.00;0.00000000
DLG0031.jpg;embedded-raster;0;0.00;0.00000000
DLG0040.jpg;embedded-raster;0;0.00;0.00000000
DLG0041.jpg;embedded-raster;0;0.00;0.00000000
DLG0042.jpg;embedded-raster;0;0.00;0.00000000
DLG0050.jpg;embedded-raster;0;0.00;0.00000000
DLG0051.jpg;embedded-raster;0;0.00;0.00000000
DLG0060.jpg;embedded-raster;0;0.00;0.00000000
DLG0061.jpg;embedded-raster;0;0.00;0.00000000
DLG0070.JPG;embedded-raster;0;0.00;0.00000000
DLG0071.JPG;embedded-raster;0;0.00;0.00000000
GE0000.JPG;embedded-raster;0;0.00;0.00000000
GE0001_1_L.jpg;embedded-raster;0;0.00;0.00000000
GE0001_1_M.jpg;embedded-raster;0;0.00;0.00000000
GE0001_1_S.jpg;embedded-raster;0;0.00;0.00000000
GE0001_L.jpg;embedded-raster;0;0.00;0.00000000
GE0001_M.jpg;embedded-raster;0;0.00;0.00000000
GE0001_S.jpg;embedded-raster;0;0.00;0.00000000
GE0002_L.jpg;embedded-raster;0;0.00;0.00000000
GE0002_M.jpg;embedded-raster;0;0.00;0.00000000
GE0002_s.jpg;embedded-raster;0;0.00;0.00000000
GE0003_L.jpg;embedded-raster;0;0.00;0.00000000
GE0003_M.jpg;embedded-raster;0;0.00;0.00000000
GE0003_S.jpg;embedded-raster;0;0.00;0.00000000
GE0004_L.jpg;embedded-raster;0;0.00;0.00000000
GE0004_M.jpg;embedded-raster;0;0.00;0.00000000
GE0004_S.jpg;embedded-raster;0;0.00;0.00000000
GE0010.jpg;embedded-raster;0;0.00;0.00000000
GE0011.jpg;embedded-raster;0;0.00;0.00000000
GE0011_L.jpg;embedded-raster;0;0.00;0.00000000
GE0011_M.jpg;embedded-raster;0;0.00;0.00000000
GE0011_S.jpg;embedded-raster;0;0.00;0.00000000
GE0012.jpg;embedded-raster;0;0.00;0.00000000
GE0012_L.jpg;embedded-raster;0;0.00;0.00000000
GE0012_M.jpg;embedded-raster;0;0.00;0.00000000
GE0012_S.jpg;embedded-raster;0;0.00;0.00000000
GE0013.jpg;embedded-raster;0;0.00;0.00000000
GE0013_L.jpg;embedded-raster;0;0.00;0.00000000
GE0013_M.jpg;embedded-raster;0;0.00;0.00000000
GE0013_S.jpg;embedded-raster;0;0.00;0.00000000
GE0014.jpg;embedded-raster;0;0.00;0.00000000
GE0014_L.jpg;embedded-raster;0;0.00;0.00000000
GE0014_M.jpg;embedded-raster;0;0.00;0.00000000
GE0014_S.jpg;embedded-raster;0;0.00;0.00000000
GE0015.jpg;embedded-raster;0;0.00;0.00000000
GE0015_L.jpg;embedded-raster;0;0.00;0.00000000
GE0015_M.jpg;embedded-raster;0;0.00;0.00000000
GE0015_S.jpg;embedded-raster;0;0.00;0.00000000
GE0016.jpg;embedded-raster;0;0.00;0.00000000
GE0016_M.jpg;embedded-raster;0;0.00;0.00000000
GE0017.jpg;embedded-raster;0;0.00;0.00000000
GE0018.jpg;embedded-raster;0;0.00;0.00000000
GE0019.jpg;embedded-raster;0;0.00;0.00000000
GE0020.jpg;embedded-raster;0;0.00;0.00000000
GE0021.jpg;embedded-raster;0;0.00;0.00000000
GE0021_L.jpg;embedded-raster;0;0.00;0.00000000
GE0021_M.jpg;embedded-raster;0;0.00;0.00000000
GE0021_S.jpg;embedded-raster;0;0.00;0.00000000
GE0022.jpg;embedded-raster;0;0.00;0.00000000
GE0022_1_L.jpg;embedded-raster;0;0.00;0.00000000
GE0022_1_M.jpg;embedded-raster;0;0.00;0.00000000
GE0022_1_S.jpg;embedded-raster;0;0.00;0.00000000
GE0022_2_L.jpg;embedded-raster;0;0.00;0.00000000
GE0022_2_M.jpg;embedded-raster;0;0.00;0.00000000
GE0022_2_S.jpg;embedded-raster;0;0.00;0.00000000
GE0022_L.jpg;embedded-raster;0;0.00;0.00000000
GE0022_M.jpg;embedded-raster;0;0.00;0.00000000
GE0022_S.jpg;embedded-raster;0;0.00;0.00000000
GE0023.jpg;embedded-raster;0;0.00;0.00000000
GE0023_1_L.jpg;embedded-raster;0;0.00;0.00000000
GE0023_1_M.jpg;embedded-raster;0;0.00;0.00000000
GE0023_1_S.jpg;embedded-raster;0;0.00;0.00000000
GE0023_L.jpg;embedded-raster;0;0.00;0.00000000
GE0023_M.jpg;embedded-raster;0;0.00;0.00000000
GE0023_S.jpg;embedded-raster;0;0.00;0.00000000
GE0024.jpg;embedded-raster;0;0.00;0.00000000
GE0025.jpg;embedded-raster;0;0.00;0.00000000
GE0026.jpg;embedded-raster;0;0.00;0.00000000
GE0027.jpg;embedded-raster;0;0.00;0.00000000
GE0028.jpg;embedded-raster;0;0.00;0.00000000
GE0029.jpg;embedded-raster;0;0.00;0.00000000
GE0030.jpg;embedded-raster;0;0.00;0.00000000
GE0031.jpg;embedded-raster;0;0.00;0.00000000
GE0031_L.jpg;embedded-raster;0;0.00;0.00000000
GE0031_M.jpg;embedded-raster;0;0.00;0.00000000
GE0031_S.jpg;embedded-raster;0;0.00;0.00000000
GE0032.jpg;embedded-raster;0;0.00;0.00000000
GE0032_L.jpg;embedded-raster;0;0.00;0.00000000
GE0032_M.jpg;embedded-raster;0;0.00;0.00000000
GE0032_S.jpg;embedded-raster;0;0.00;0.00000000
GE0033.jpg;embedded-raster;0;0.00;0.00000000
GE0033_L.jpg;embedded-raster;0;0.00;0.00000000
GE0033_M.jpg;embedded-raster;0;0.00;0.00000000
GE0033_S.jpg;embedded-raster;0;0.00;0.00000000
GE0034.jpg;embedded-raster;0;0.00;0.00000000
GE0034_L.jpg;embedded-raster;0;0.00;0.00000000
GE0034_M.jpg;embedded-raster;0;0.00;0.00000000
GE0034_S.jpg;embedded-raster;0;0.00;0.00000000
GE0035.jpg;embedded-raster;0;0.00;0.00000000
GE0035_L.jpg;embedded-raster;0;0.00;0.00000000
GE0035_M.jpg;embedded-raster;0;0.00;0.00000000
GE0035_S.jpg;embedded-raster;0;0.00;0.00000000
GE0036.jpg;embedded-raster;0;0.00;0.00000000
GE0036_L.jpg;embedded-raster;0;0.00;0.00000000
GE0036_M.jpg;embedded-raster;0;0.00;0.00000000
GE0036_S.jpg;embedded-raster;0;0.00;0.00000000
GE0037.jpg;embedded-raster;0;0.00;0.00000000
GE0037_L.jpg;embedded-raster;0;0.00;0.00000000
GE0037_M.jpg;embedded-raster;0;0.00;0.00000000
GE0037_S.jpg;embedded-raster;0;0.00;0.00000000
GE0038_L.jpg;embedded-raster;0;0.00;0.00000000
GE0038_M.jpg;embedded-raster;0;0.00;0.00000000
GE0038_S.jpg;embedded-raster;0;0.00;0.00000000
GE0039_L.jpg;embedded-raster;0;0.00;0.00000000
GE0039_M.jpg;embedded-raster;0;0.00;0.00000000
GE0039_S.jpg;embedded-raster;0;0.00;0.00000000
GE0040_L.jpg;embedded-raster;0;0.00;0.00000000
GE0040_M.jpg;embedded-raster;0;0.00;0.00000000
GE0040_S.jpg;embedded-raster;0;0.00;0.00000000
GE0041_L.jpg;embedded-raster;0;0.00;0.00000000
GE0041_M-81.jpg;embedded-raster;0;0.00;0.00000000
GE0041_M.jpg;embedded-raster;0;0.00;0.00000000
GE0041_S.jpg;embedded-raster;0;0.00;0.00000000
GE0042_L.jpg;embedded-raster;0;0.00;0.00000000
GE0042_M.jpg;embedded-raster;0;0.00;0.00000000
GE0042_S.jpg;embedded-raster;0;0.00;0.00000000
GE0043_L.jpg;embedded-raster;0;0.00;0.00000000
GE0043_M.jpg;embedded-raster;0;0.00;0.00000000
GE0043_S.jpg;embedded-raster;0;0.00;0.00000000
GE0044_L.jpg;embedded-raster;0;0.00;0.00000000
GE0044_M.jpg;embedded-raster;0;0.00;0.00000000
GE0044_S.jpg;embedded-raster;0;0.00;0.00000000
GE0045_L.jpg;embedded-raster;0;0.00;0.00000000
GE0045_M.jpg;embedded-raster;0;0.00;0.00000000
GE0045_S.jpg;embedded-raster;0;0.00;0.00000000
GE0100_L.jpg;embedded-raster;0;0.00;0.00000000
GE0100_M.jpg;embedded-raster;0;0.00;0.00000000
GE0100_S.jpg;embedded-raster;0;0.00;0.00000000
GE0101_L.jpg;embedded-raster;0;0.00;0.00000000
GE0101_M.jpg;embedded-raster;0;0.00;0.00000000
GE0101_S.jpg;embedded-raster;0;0.00;0.00000000
GE0102_L.jpg;embedded-raster;0;0.00;0.00000000
GE0102_M.jpg;embedded-raster;0;0.00;0.00000000
GE0102_S.jpg;embedded-raster;0;0.00;0.00000000
GE0103_L.jpg;embedded-raster;0;0.00;0.00000000
GE0103_M.jpg;embedded-raster;0;0.00;0.00000000
GE0103_S.jpg;embedded-raster;0;0.00;0.00000000
GE0104_L.jpg;embedded-raster;0;0.00;0.00000000
GE0104_M.jpg;embedded-raster;0;0.00;0.00000000
GE0104_S.jpg;embedded-raster;0;0.00;0.00000000
GE0105_L.jpg;embedded-raster;0;0.00;0.00000000
GE0105_M.jpg;embedded-raster;0;0.00;0.00000000
GE0105_S.jpg;embedded-raster;0;0.00;0.00000000
GE0106_L.jpg;embedded-raster;0;0.00;0.00000000
GE0106_M.jpg;embedded-raster;0;0.00;0.00000000
GE0106_S.jpg;embedded-raster;0;0.00;0.00000000
GE0107_L.jpg;embedded-raster;0;0.00;0.00000000
GE0107_M.jpg;embedded-raster;0;0.00;0.00000000
GE0107_S.jpg;embedded-raster;0;0.00;0.00000000
GE0108_L.jpg;embedded-raster;0;0.00;0.00000000
GE0108_M.jpg;embedded-raster;0;0.00;0.00000000
GE0108_S.jpg;embedded-raster;0;0.00;0.00000000
GE0109_L.jpg;embedded-raster;0;0.00;0.00000000
GE0109_M.jpg;embedded-raster;0;0.00;0.00000000
GE0109_S.jpg;embedded-raster;0;0.00;0.00000000
GE0110_L.jpg;embedded-raster;0;0.00;0.00000000
GE0110_M.jpg;embedded-raster;0;0.00;0.00000000
GE0110_S.jpg;embedded-raster;0;0.00;0.00000000
GE0111_L.jpg;embedded-raster;0;0.00;0.00000000
GE0111_M.jpg;embedded-raster;0;0.00;0.00000000
GE0111_S.jpg;embedded-raster;0;0.00;0.00000000
GE0201_L.jpg;embedded-raster;0;0.00;0.00000000
GE0201_M.jpg;embedded-raster;0;0.00;0.00000000
GE0201_S.jpg;embedded-raster;0;0.00;0.00000000
GE0202_L.jpg;embedded-raster;0;0.00;0.00000000
GE0202_M.jpg;embedded-raster;0;0.00;0.00000000
GE0202_S.jpg;embedded-raster;0;0.00;0.00000000
GE0203_L.jpg;embedded-raster;0;0.00;0.00000000
GE0203_M.jpg;embedded-raster;0;0.00;0.00000000
GE0203_S.jpg;embedded-raster;0;0.00;0.00000000
GE0204_L.jpg;embedded-raster;0;0.00;0.00000000
GE0204_M.jpg;embedded-raster;0;0.00;0.00000000
GE0204_S.jpg;embedded-raster;0;0.00;0.00000000
GE0205_L.jpg;embedded-raster;0;0.00;0.00000000
GE0205_M.jpg;embedded-raster;0;0.00;0.00000000
GE0205_S.jpg;embedded-raster;0;0.00;0.00000000
GE0206_L.jpg;embedded-raster;0;0.00;0.00000000
GE0206_M.jpg;embedded-raster;0;0.00;0.00000000
GE0206_S.jpg;embedded-raster;0;0.00;0.00000000
GE0280.jpg;embedded-raster;0;0.00;0.00000000
GE0281.jpg;embedded-raster;0;0.00;0.00000000
GE0282.jpg;embedded-raster;0;0.00;0.00000000
GE0283.jpg;embedded-raster;0;0.00;0.00000000
GE0284.jpg;embedded-raster;0;0.00;0.00000000
GE0285.jpg;embedded-raster;0;0.00;0.00000000
GE0300.jpg;embedded-raster;0;0.00;0.00000000
GE0301.jpg;embedded-raster;0;0.00;0.00000000
GE0301_L.jpg;embedded-raster;0;0.00;0.00000000
GE0301_M.jpg;embedded-raster;0;0.00;0.00000000
GE0301_S.jpg;embedded-raster;0;0.00;0.00000000
GE0302.jpg;embedded-raster;0;0.00;0.00000000
GE0302_L.jpg;embedded-raster;0;0.00;0.00000000
GE0302_M.jpg;embedded-raster;0;0.00;0.00000000
GE0302_S.jpg;embedded-raster;0;0.00;0.00000000
GE0303.jpg;embedded-raster;0;0.00;0.00000000
GE0303_L.jpg;embedded-raster;0;0.00;0.00000000
GE0303_M.jpg;embedded-raster;0;0.00;0.00000000
GE0303_S.jpg;embedded-raster;0;0.00;0.00000000
GE0304.jpg;embedded-raster;0;0.00;0.00000000
GE0304_L.jpg;embedded-raster;0;0.00;0.00000000
GE0304_M.jpg;embedded-raster;0;0.00;0.00000000
GE0304_S.jpg;embedded-raster;0;0.00;0.00000000
GE0305.jpg;embedded-raster;0;0.00;0.00000000
GE0305_L.jpg;embedded-raster;0;0.00;0.00000000
GE0305_M.jpg;embedded-raster;0;0.00;0.00000000
GE0305_S.jpg;embedded-raster;0;0.00;0.00000000
GE0306.jpg;embedded-raster;0;0.00;0.00000000
GE0306_L.jpg;embedded-raster;0;0.00;0.00000000
GE0306_M.jpg;embedded-raster;0;0.00;0.00000000
GE0306_S.jpg;embedded-raster;0;0.00;0.00000000
GE0307.jpg;embedded-raster;0;0.00;0.00000000
GE0307_L.jpg;embedded-raster;0;0.00;0.00000000
GE0307_M.jpg;embedded-raster;0;0.00;0.00000000
GE0307_S.jpg;embedded-raster;0;0.00;0.00000000
GE0308.jpg;embedded-raster;0;0.00;0.00000000
GE0308_L.jpg;embedded-raster;0;0.00;0.00000000
GE0308_M.jpg;embedded-raster;0;0.00;0.00000000
GE0308_S.jpg;embedded-raster;0;0.00;0.00000000
GE0309.jpg;embedded-raster;0;0.00;0.00000000
GE0310.jpg;embedded-raster;0;0.00;0.00000000
GE0344.jpg;embedded-raster;0;0.00;0.00000000
GE0346.jpg;embedded-raster;0;0.00;0.00000000
GE0347.jpg;embedded-raster;0;0.00;0.00000000
GE0348.jpg;embedded-raster;0;0.00;0.00000000
GE0349.jpg;embedded-raster;0;0.00;0.00000000
GE0350.jpg;embedded-raster;0;0.00;0.00000000
GE0351.jpg;embedded-raster;0;0.00;0.00000000
GE0352.jpg;embedded-raster;0;0.00;0.00000000
GE0353.jpg;embedded-raster;0;0.00;0.00000000
GE0354.jpg;embedded-raster;0;0.00;0.00000000
GE0355.jpg;embedded-raster;0;0.00;0.00000000
GE0356.jpg;embedded-raster;0;0.00;0.00000000
GE0357.jpg;embedded-raster;0;0.00;0.00000000
GE0358.jpg;embedded-raster;0;0.00;0.00000000
GE0360.jpg;embedded-raster;0;0.00;0.00000000
GE0361.jpg;embedded-raster;0;0.00;0.00000000
GE0362.jpg;embedded-raster;0;0.00;0.00000000
GE0363.jpg;embedded-raster;0;0.00;0.00000000
GE0364.jpg;embedded-raster;0;0.00;0.00000000
GE0365.jpg;embedded-raster;0;0.00;0.00000000
GE0999.jpg;embedded-raster;0;0.00;0.00000000
GE1000_L.jpg;embedded-raster;0;0.00;0.00000000
GE1000_M.jpg;embedded-raster;0;0.00;0.00000000
GE1000_S.jpg;embedded-raster;0;0.00;0.00000000
GE1001_L.jpg;embedded-raster;0;0.00;0.00000000
GE1001_M.jpg;embedded-raster;0;0.00;0.00000000
GE1001_S.jpg;embedded-raster;0;0.00;0.00000000
GE1002_L.jpg;embedded-raster;0;0.00;0.00000000
GE1002_M.jpg;embedded-raster;0;0.00;0.00000000
GE1002_S.jpg;embedded-raster;0;0.00;0.00000000
GE1003_L.jpg;embedded-raster;0;0.00;0.00000000
GE1003_M.jpg;embedded-raster;0;0.00;0.00000000
GE1003_S.jpg;embedded-raster;0;0.00;0.00000000
GE1100_L.jpg;embedded-raster;0;0.00;0.00000000
GE1100_M.jpg;embedded-raster;0;0.00;0.00000000
GE1100_S.jpg;embedded-raster;0;0.00;0.00000000
GE1101_L.jpg;embedded-raster;0;0.00;0.00000000
GE1101_M.jpg;embedded-raster;0;0.00;0.00000000
GE1101_S.jpg;embedded-raster;0;0.00;0.00000000
GE1102_L.jpg;embedded-raster;0;0.00;0.00000000
GE1102_M.jpg;embedded-raster;0;0.00;0.00000000
GE1102_S.jpg;embedded-raster;0;0.00;0.00000000
GE1200_L.jpg;embedded-raster;0;0.00;0.00000000
GE1200_M.jpg;embedded-raster;0;0.00;0.00000000
GE1200_S.jpg;embedded-raster;0;0.00;0.00000000
GE1201_L.jpg;embedded-raster;0;0.00;0.00000000
GE1201_M.jpg;embedded-raster;0;0.00;0.00000000
GE1201_S.jpg;embedded-raster;0;0.00;0.00000000
GE1202_L.jpg;embedded-raster;0;0.00;0.00000000
GE1202_M.jpg;embedded-raster;0;0.00;0.00000000
GE1202_S.jpg;embedded-raster;0;0.00;0.00000000
GE1203_L.jpg;embedded-raster;0;0.00;0.00000000
GE1203_M.jpg;embedded-raster;0;0.00;0.00000000
GE1203_S.jpg;embedded-raster;0;0.00;0.00000000
GE1204_L.jpg;embedded-raster;0;0.00;0.00000000
GE1204_M.jpg;embedded-raster;0;0.00;0.00000000
GE1204_S.jpg;embedded-raster;0;0.00;0.00000000
GE1300_M.jpg;embedded-raster;0;0.00;0.00000000
GE1300_S.jpg;embedded-raster;0;0.00;0.00000000
GE1301_M.jpg;embedded-raster;0;0.00;0.00000000
GE1301_S.jpg;embedded-raster;0;0.00;0.00000000
GE1302_M.jpg;embedded-raster;0;0.00;0.00000000
GE1302_S.jpg;embedded-raster;0;0.00;0.00000000
GE1310_M.jpg;embedded-raster;0;0.00;0.00000000
GE1310_S.jpg;embedded-raster;0;0.00;0.00000000
GE1311_M.jpg;embedded-raster;0;0.00;0.00000000
GE1311_S.jpg;embedded-raster;0;0.00;0.00000000
GE1312_M.jpg;embedded-raster;0;0.00;0.00000000
GE1312_S.jpg;embedded-raster;0;0.00;0.00000000
GE1313_M.jpg;embedded-raster;0;0.00;0.00000000
GE1313_S.jpg;embedded-raster;0;0.00;0.00000000
GE1401_L.jpg;embedded-raster;0;0.00;0.00000000
GE1401_M.jpg;embedded-raster;0;0.00;0.00000000
GE1401_S.jpg;embedded-raster;0;0.00;0.00000000
GE1402_L.jpg;embedded-raster;0;0.00;0.00000000
GE1402_M.jpg;embedded-raster;0;0.00;0.00000000
GE1402_S.jpg;embedded-raster;0;0.00;0.00000000
GE1403_L.jpg;embedded-raster;0;0.00;0.00000000
GE1403_M.jpg;embedded-raster;0;0.00;0.00000000
GE1403_S.jpg;embedded-raster;0;0.00;0.00000000
GE1404_L.jpg;embedded-raster;0;0.00;0.00000000
GE1404_M.jpg;embedded-raster;0;0.00;0.00000000
GE1404_S.jpg;embedded-raster;0;0.00;0.00000000
GE1410_L.jpg;embedded-raster;0;0.00;0.00000000
GE1410_M.jpg;embedded-raster;0;0.00;0.00000000
GE1410_S.jpg;embedded-raster;0;0.00;0.00000000
GE1411_L.jpg;embedded-raster;0;0.00;0.00000000
GE1411_M.jpg;embedded-raster;0;0.00;0.00000000
GE1411_S.jpg;embedded-raster;0;0.00;0.00000000
GE1420_L.jpg;embedded-raster;0;0.00;0.00000000
GE1420_M.jpg;embedded-raster;0;0.00;0.00000000
GE1420_M_neutral.jpg;embedded-raster;0;0.00;0.00000000
GE1420_S.jpg;embedded-raster;0;0.00;0.00000000
GE9000.jpg;embedded-raster;0;0.00;0.00000000
GE9001_1M.jpg;embedded-raster;0;0.00;0.00000000
GE9001_1S.jpg;embedded-raster;0;0.00;0.00000000
GE9001_2M.jpg;embedded-raster;0;0.00;0.00000000
GE9001_2S.jpg;embedded-raster;0;0.00;0.00000000
GE9001_3M.jpg;embedded-raster;0;0.00;0.00000000
GE9001_3S.jpg;embedded-raster;0;0.00;0.00000000
GE9001_3Sx.jpg;embedded-raster;0;0.00;0.00000000
GE9001_4M.jpg;embedded-raster;0;0.00;0.00000000
GE9001_4S.jpg;embedded-raster;0;0.00;0.00000000
GE9001_5M.jpg;embedded-raster;0;0.00;0.00000000
GE9001_5S.jpg;embedded-raster;0;0.00;0.00000000
GE9001_6M.jpg;embedded-raster;0;0.00;0.00000000
GE9001_6S.jpg;embedded-raster;0;0.00;0.00000000
GE9001_7M.jpg;embedded-raster;0;0.00;0.00000000
GE9001_7S.jpg;embedded-raster;0;0.00;0.00000000
GE9002_1M.jpg;embedded-raster;0;0.00;0.00000000
GE9002_1S.jpg;embedded-raster;0;0.00;0.00000000
GE9002_2M.jpg;embedded-raster;0;0.00;0.00000000
GE9002_2S.jpg;embedded-raster;0;0.00;0.00000000
GE9002_3M.jpg;embedded-raster;0;0.00;0.00000000
GE9002_3S.jpg;embedded-raster;0;0.00;0.00000000
GE9002_4M.jpg;embedded-raster;0;0.00;0.00000000
GE9002_4S.jpg;embedded-raster;0;0.00;0.00000000
GE9002_5M.jpg;embedded-raster;0;0.00;0.00000000
GE9002_5S.jpg;embedded-raster;0;0.00;0.00000000
GE9002_6M.jpg;embedded-raster;0;0.00;0.00000000
GE9002_6S.jpg;embedded-raster;0;0.00;0.00000000
GE9002_7M.jpg;embedded-raster;0;0.00;0.00000000
GE9002_7S.jpg;embedded-raster;0;0.00;0.00000000
GE9005_1M.jpg;embedded-raster;0;0.00;0.00000000
GE9005_1S.jpg;embedded-raster;0;0.00;0.00000000
GE9005_2M.jpg;embedded-raster;0;0.00;0.00000000
GE9005_2S.jpg;embedded-raster;0;0.00;0.00000000
GE9005_3M.jpg;embedded-raster;0;0.00;0.00000000
GE9005_3S.jpg;embedded-raster;0;0.00;0.00000000
GE9005_4M.jpg;embedded-raster;0;0.00;0.00000000
GE9005_4S.jpg;embedded-raster;0;0.00;0.00000000
GE9005_5M.jpg;embedded-raster;0;0.00;0.00000000
GE9005_5S.jpg;embedded-raster;0;0.00;0.00000000
GE9005_6M.jpg;embedded-raster;0;0.00;0.00000000
GE9005_6S.jpg;embedded-raster;0;0.00;0.00000000
GE9005_7M.jpg;embedded-raster;0;0.00;0.00000000
GE9005_7S.jpg;embedded-raster;0;0.00;0.00000000
GE9006_1M.jpg;embedded-raster;0;0.00;0.00000000
GE9006_1S.jpg;embedded-raster;0;0.00;0.00000000
GE9006_2M.jpg;embedded-raster;0;0.00;0.00000000
GE9006_2S.jpg;embedded-raster;0;0.00;0.00000000
GE9006_3M.jpg;embedded-raster;0;0.00;0.00000000
GE9006_3S.jpg;embedded-raster;0;0.00;0.00000000
GE9006_4M.jpg;embedded-raster;0;0.00;0.00000000
GE9006_4S.jpg;embedded-raster;0;0.00;0.00000000
GE9006_5M.jpg;embedded-raster;0;0.00;0.00000000
GE9006_5S.jpg;embedded-raster;0;0.00;0.00000000
GE9006_6M.jpg;embedded-raster;0;0.00;0.00000000
GE9006_6S.jpg;embedded-raster;0;0.00;0.00000000
GE9006_7M.jpg;embedded-raster;0;0.00;0.00000000
GE9006_7S.jpg;embedded-raster;0;0.00;0.00000000
GE9011_1M.jpg;embedded-raster;0;0.00;0.00000000
GE9011_1S.jpg;embedded-raster;0;0.00;0.00000000
GE9011_2M.jpg;embedded-raster;0;0.00;0.00000000
GE9011_2S.jpg;embedded-raster;0;0.00;0.00000000
GE9011_3M.jpg;embedded-raster;0;0.00;0.00000000
GE9011_3S.jpg;embedded-raster;0;0.00;0.00000000
GE9011_4M.jpg;embedded-raster;0;0.00;0.00000000
GE9011_4S.jpg;embedded-raster;0;0.00;0.00000000
GE9011_5M.jpg;embedded-raster;0;0.00;0.00000000
GE9011_5S.jpg;embedded-raster;0;0.00;0.00000000
GE9011_6M.jpg;embedded-raster;0;0.00;0.00000000
GE9011_6S.jpg;embedded-raster;0;0.00;0.00000000
GE9011_7M.jpg;embedded-raster;0;0.00;0.00000000
GE9011_7S.jpg;embedded-raster;0;0.00;0.00000000
GE9012_1M.jpg;embedded-raster;0;0.00;0.00000000
GE9012_1S.jpg;embedded-raster;0;0.00;0.00000000
GE9012_2M.jpg;embedded-raster;0;0.00;0.00000000
GE9012_2S.jpg;embedded-raster;0;0.00;0.00000000
GE9012_3M.jpg;embedded-raster;0;0.00;0.00000000
GE9012_3S.jpg;embedded-raster;0;0.00;0.00000000
GE9012_4M.jpg;embedded-raster;0;0.00;0.00000000
GE9012_4S.jpg;embedded-raster;0;0.00;0.00000000
GE9012_5M.jpg;embedded-raster;0;0.00;0.00000000
GE9012_5S.jpg;embedded-raster;0;0.00;0.00000000
GE9012_6M.jpg;embedded-raster;0;0.00;0.00000000
GE9012_6S.jpg;embedded-raster;0;0.00;0.00000000
GE9012_7M.jpg;embedded-raster;0;0.00;0.00000000
GE9012_7S.jpg;embedded-raster;0;0.00;0.00000000
GE9013_1M.jpg;embedded-raster;0;0.00;0.00000000
GE9013_1S.jpg;embedded-raster;0;0.00;0.00000000
GE9013_2M.jpg;embedded-raster;0;0.00;0.00000000
GE9013_2S.jpg;embedded-raster;0;0.00;0.00000000
GE9013_3M.jpg;embedded-raster;0;0.00;0.00000000
GE9013_3S.jpg;embedded-raster;0;0.00;0.00000000
GE9013_4M.jpg;embedded-raster;0;0.00;0.00000000
GE9013_4S.jpg;embedded-raster;0;0.00;0.00000000
GE9013_5M.jpg;embedded-raster;0;0.00;0.00000000
GE9013_5S.jpg;embedded-raster;0;0.00;0.00000000
GE9013_6M.jpg;embedded-raster;0;0.00;0.00000000
GE9013_6S.jpg;embedded-raster;0;0.00;0.00000000
GE9013_7M.jpg;embedded-raster;0;0.00;0.00000000
GE9013_7S.jpg;embedded-raster;0;0.00;0.00000000
GE9014_1M.jpg;embedded-raster;0;0.00;0.00000000
GE9014_1S.jpg;embedded-raster;0;0.00;0.00000000
GE9014_2M.jpg;embedded-raster;0;0.00;0.00000000
GE9014_2S.jpg;embedded-raster;0;0.00;0.00000000
GE9014_3M.jpg;embedded-raster;0;0.00;0.00000000
GE9014_3S.jpg;embedded-raster;0;0.00;0.00000000
GE9014_4M.jpg;embedded-raster;0;0.00;0.00000000
GE9014_4S.jpg;embedded-raster;0;0.00;0.00000000
GE9014_5M.jpg;embedded-raster;0;0.00;0.00000000
GE9014_5S.jpg;embedded-raster;0;0.00;0.00000000
GE9014_6M.jpg;embedded-raster;0;0.00;0.00000000
GE9014_6S.jpg;embedded-raster;0;0.00;0.00000000
GE9014_7M.jpg;embedded-raster;0;0.00;0.00000000
GE9014_7S.jpg;embedded-raster;0;0.00;0.00000000
GE9021_1M.jpg;embedded-raster;0;0.00;0.00000000
GE9021_1S.jpg;embedded-raster;0;0.00;0.00000000
GE9021_2M.jpg;embedded-raster;0;0.00;0.00000000
GE9021_2S.jpg;embedded-raster;0;0.00;0.00000000
GE9021_3M.jpg;embedded-raster;0;0.00;0.00000000
GE9021_3S.jpg;embedded-raster;0;0.00;0.00000000
GE9021_4M.jpg;embedded-raster;0;0.00;0.00000000
GE9021_4S.jpg;embedded-raster;0;0.00;0.00000000
GE9021_5M.jpg;embedded-raster;0;0.00;0.00000000
GE9021_5S.jpg;embedded-raster;0;0.00;0.00000000
GE9021_6M.jpg;embedded-raster;0;0.00;0.00000000
GE9021_6S.jpg;embedded-raster;0;0.00;0.00000000
GE9021_7M.jpg;embedded-raster;0;0.00;0.00000000
GE9021_7S.jpg;embedded-raster;0;0.00;0.00000000
GE9022_1M.jpg;embedded-raster;0;0.00;0.00000000
GE9022_1S.jpg;embedded-raster;0;0.00;0.00000000
GE9022_2M.jpg;embedded-raster;0;0.00;0.00000000
GE9022_2S.jpg;embedded-raster;0;0.00;0.00000000
GE9022_3M.jpg;embedded-raster;0;0.00;0.00000000
GE9022_3S.jpg;embedded-raster;0;0.00;0.00000000
GE9022_4M.jpg;embedded-raster;0;0.00;0.00000000
GE9022_4S.jpg;embedded-raster;0;0.00;0.00000000
GE9022_5M.jpg;embedded-raster;0;0.00;0.00000000
GE9022_5S.jpg;embedded-raster;0;0.00;0.00000000
GE9022_6M.jpg;embedded-raster;0;0.00;0.00000000
GE9022_6S.jpg;embedded-raster;0;0.00;0.00000000
GE9022_7M.jpg;embedded-raster;0;0.00;0.00000000
GE9022_7S.jpg;embedded-raster;0;0.00;0.00000000
GE9023_1M.jpg;embedded-raster;0;0.00;0.00000000
GE9023_1S.jpg;embedded-raster;0;0.00;0.00000000
GE9023_2M.jpg;embedded-raster;0;0.00;0.00000000
GE9023_2S.jpg;embedded-raster;0;0.00;0.00000000
GE9023_3M.jpg;embedded-raster;0;0.00;0.00000000
GE9023_3S.jpg;embedded-raster;0;0.00;0.00000000
GE9023_4M.jpg;embedded-raster;0;0.00;0.00000000
GE9023_4S.jpg;embedded-raster;0;0.00;0.00000000
GE9023_5M.jpg;embedded-raster;0;0.00;0.00000000
GE9023_5S.jpg;embedded-raster;0;0.00;0.00000000
GE9023_6M.jpg;embedded-raster;0;0.00;0.00000000
GE9023_6S.jpg;embedded-raster;0;0.00;0.00000000
GE9023_7M.jpg;embedded-raster;0;0.00;0.00000000
GE9023_7S.jpg;embedded-raster;0;0.00;0.00000000
GE9024_1M.jpg;embedded-raster;0;0.00;0.00000000
GE9024_1S.jpg;embedded-raster;0;0.00;0.00000000
GE9024_2M.jpg;embedded-raster;0;0.00;0.00000000
GE9024_2S.jpg;embedded-raster;0;0.00;0.00000000
GE9024_3M.jpg;embedded-raster;0;0.00;0.00000000
GE9024_3S.jpg;embedded-raster;0;0.00;0.00000000
GE9024_4M.jpg;embedded-raster;0;0.00;0.00000000
GE9024_4S.jpg;embedded-raster;0;0.00;0.00000000
GE9024_5M.jpg;embedded-raster;0;0.00;0.00000000
GE9024_5S.jpg;embedded-raster;0;0.00;0.00000000
GE9024_6M.jpg;embedded-raster;0;0.00;0.00000000
GE9024_6S.jpg;embedded-raster;0;0.00;0.00000000
GE9024_7M.jpg;embedded-raster;0;0.00;0.00000000
GE9024_7S.jpg;embedded-raster;0;0.00;0.00000000
GE9031_1M.jpg;embedded-raster;0;0.00;0.00000000
GE9031_1S.jpg;embedded-raster;0;0.00;0.00000000
GE9031_2M.jpg;embedded-raster;0;0.00;0.00000000
GE9031_2S.jpg;embedded-raster;0;0.00;0.00000000
GE9031_3M.jpg;embedded-raster;0;0.00;0.00000000
GE9031_3S.jpg;embedded-raster;0;0.00;0.00000000
GE9031_4M.jpg;embedded-raster;0;0.00;0.00000000
GE9031_4S.jpg;embedded-raster;0;0.00;0.00000000
GE9031_5M.jpg;embedded-raster;0;0.00;0.00000000
GE9031_5S.jpg;embedded-raster;0;0.00;0.00000000
GE9031_6M.jpg;embedded-raster;0;0.00;0.00000000
GE9031_6S.jpg;embedded-raster;0;0.00;0.00000000
GE9031_7M.jpg;embedded-raster;0;0.00;0.00000000
GE9031_7S.jpg;embedded-raster;0;0.00;0.00000000
GE9032_1M.jpg;embedded-raster;0;0.00;0.00000000
GE9032_1S.jpg;embedded-raster;0;0.00;0.00000000
GE9032_2M.jpg;embedded-raster;0;0.00;0.00000000
GE9032_2S.jpg;embedded-raster;0;0.00;0.00000000
GE9032_3M.jpg;embedded-raster;0;0.00;0.00000000
GE9032_3S.jpg;embedded-raster;0;0.00;0.00000000
GE9032_4M.jpg;embedded-raster;0;0.00;0.00000000
GE9032_4S.jpg;embedded-raster;0;0.00;0.00000000
GE9032_5M.jpg;embedded-raster;0;0.00;0.00000000
GE9032_5S.jpg;embedded-raster;0;0.00;0.00000000
GE9032_6M.jpg;embedded-raster;0;0.00;0.00000000
GE9032_6S.jpg;embedded-raster;0;0.00;0.00000000
GE9032_7M.jpg;embedded-raster;0;0.00;0.00000000
GE9032_7S.jpg;embedded-raster;0;0.00;0.00000000
GE9033_1M.jpg;embedded-raster;0;0.00;0.00000000
GE9033_1S.jpg;embedded-raster;0;0.00;0.00000000
GE9033_2M.jpg;embedded-raster;0;0.00;0.00000000
GE9033_2S.jpg;embedded-raster;0;0.00;0.00000000
GE9033_3M.jpg;embedded-raster;0;0.00;0.00000000
GE9033_3S.jpg;embedded-raster;0;0.00;0.00000000
GE9033_4M.jpg;embedded-raster;0;0.00;0.00000000
GE9033_4S.jpg;embedded-raster;0;0.00;0.00000000
GE9033_5M.jpg;embedded-raster;0;0.00;0.00000000
GE9033_5S.jpg;embedded-raster;0;0.00;0.00000000
GE9033_6M.jpg;embedded-raster;0;0.00;0.00000000
GE9033_6S.jpg;embedded-raster;0;0.00;0.00000000
GE9033_7M.jpg;embedded-raster;0;0.00;0.00000000
GE9033_7S.jpg;embedded-raster;0;0.00;0.00000000
GE9034_1M.jpg;embedded-raster;0;0.00;0.00000000
GE9034_1S.jpg;embedded-raster;0;0.00;0.00000000
GE9034_2M.jpg;embedded-raster;0;0.00;0.00000000
GE9034_2S.jpg;embedded-raster;0;0.00;0.00000000
GE9034_3M.jpg;embedded-raster;0;0.00;0.00000000
GE9034_3S.jpg;embedded-raster;0;0.00;0.00000000
GE9034_4M.jpg;embedded-raster;0;0.00;0.00000000
GE9034_4S.jpg;embedded-raster;0;0.00;0.00000000
GE9034_5M.jpg;embedded-raster;0;0.00;0.00000000
GE9034_5S.jpg;embedded-raster;0;0.00;0.00000000
GE9034_6M.jpg;embedded-raster;0;0.00;0.00000000
GE9034_6S.jpg;embedded-raster;0;0.00;0.00000000
GE9034_7M.jpg;embedded-raster;0;0.00;0.00000000
GE9034_7S.jpg;embedded-raster;0;0.00;0.00000000
GE9035_2S.jpg;embedded-raster;0;0.00;0.00000000
GE9041_1M.jpg;embedded-raster;0;0.00;0.00000000
GE9041_1S.jpg;embedded-raster;0;0.00;0.00000000
GE9041_2M.jpg;embedded-raster;0;0.00;0.00000000
GE9041_2S.jpg;embedded-raster;0;0.00;0.00000000
GE9041_3M.jpg;embedded-raster;0;0.00;0.00000000
GE9041_3S.jpg;embedded-raster;0;0.00;0.00000000
GE9041_4M.jpg;embedded-raster;0;0.00;0.00000000
GE9041_4S.jpg;embedded-raster;0;0.00;0.00000000
GE9041_5M.jpg;embedded-raster;0;0.00;0.00000000
GE9041_5S.jpg;embedded-raster;0;0.00;0.00000000
GE9041_6M.jpg;embedded-raster;0;0.00;0.00000000
GE9041_6S.jpg;embedded-raster;0;0.00;0.00000000
GE9041_7M.jpg;embedded-raster;0;0.00;0.00000000
GE9041_7S.jpg;embedded-raster;0;0.00;0.00000000
GE9042_1M.jpg;embedded-raster;0;0.00;0.00000000
GE9042_1S.jpg;embedded-raster;0;0.00;0.00000000
GE9042_2M.jpg;embedded-raster;0;0.00;0.00000000
GE9042_2S.jpg;embedded-raster;0;0.00;0.00000000
GE9042_3M.jpg;embedded-raster;0;0.00;0.00000000
GE9042_3S.jpg;embedded-raster;0;0.00;0.00000000
GE9042_4M.jpg;embedded-raster;0;0.00;0.00000000
GE9042_4S.jpg;embedded-raster;0;0.00;0.00000000
GE9042_5M.jpg;embedded-raster;0;0.00;0.00000000
GE9042_5S.jpg;embedded-raster;0;0.00;0.00000000
GE9042_6M.jpg;embedded-raster;0;0.00;0.00000000
GE9042_6S.jpg;embedded-raster;0;0.00;0.00000000
GE9042_7M.jpg;embedded-raster;0;0.00;0.00000000
GE9042_7S.jpg;embedded-raster;0;0.00;0.00000000
GE9043_1M.jpg;embedded-raster;0;0.00;0.00000000
GE9043_1S.jpg;embedded-raster;0;0.00;0.00000000
GE9043_2M.jpg;embedded-raster;0;0.00;0.00000000
GE9043_2S.jpg;embedded-raster;0;0.00;0.00000000
GE9043_3M.jpg;embedded-raster;0;0.00;0.00000000
GE9043_3S.jpg;embedded-raster;0;0.00;0.00000000
GE9043_4M.jpg;embedded-raster;0;0.00;0.00000000
GE9043_4S.jpg;embedded-raster;0;0.00;0.00000000
GE9043_5M.jpg;embedded-raster;0;0.00;0.00000000
GE9043_5S.jpg;embedded-raster;0;0.00;0.00000000
GE9043_6M.jpg;embedded-raster;0;0.00;0.00000000
GE9043_6S.jpg;embedded-raster;0;0.00;0.00000000
GE9043_7M.jpg;embedded-raster;0;0.00;0.00000000
GE9043_7S.jpg;embedded-raster;0;0.00;0.00000000
GE9044_1M.jpg;embedded-raster;0;0.00;0.00000000
GE9044_1S.jpg;embedded-raster;0;0.00;0.00000000
GE9044_2M.jpg;embedded-raster;0;0.00;0.00000000
GE9044_2S.jpg;embedded-raster;0;0.00;0.00000000
GE9044_3M.jpg;embedded-raster;0;0.00;0.00000000
GE9044_3S.jpg;embedded-raster;0;0.00;0.00000000
GE9044_4M.jpg;embedded-raster;0;0.00;0.00000000
GE9044_4S.jpg;embedded-raster;0;0.00;0.00000000
GE9044_5M.jpg;embedded-raster;0;0.00;0.00000000
GE9044_5S.jpg;embedded-raster;0;0.00;0.00000000
GE9044_6M.jpg;embedded-raster;0;0.00;0.00000000
GE9044_6S.jpg;embedded-raster;0;0.00;0.00000000
GE9044_7M.jpg;embedded-raster;0;0.00;0.00000000
GE9044_7S.jpg;embedded-raster;0;0.00;0.00000000
GE9901_L.jpg;embedded-raster;0;0.00;0.00000000
GE9901_M.jpg;embedded-raster;0;0.00;0.00000000
GE9901_S.jpg;embedded-raster;0;0.00;0.00000000
GE9901_W.jpg;embedded-raster;0;0.00;0.00000000
GE9901_X.jpg;embedded-raster;0;0.00;0.00000000
GE9902_L.jpg;embedded-raster;0;0.00;0.00000000
GE9902_M.jpg;embedded-raster;0;0.00;0.00000000
GE9902_S.jpg;embedded-raster;0;0.00;0.00000000
GE9902_W.jpg;embedded-raster;0;0.00;0.00000000
GE9902_X.jpg;embedded-raster;0;0.00;0.00000000
GE9910_L.jpg;embedded-raster;0;0.00;0.00000000
GE9910_M.jpg;embedded-raster;0;0.00;0.00000000
GE9910_S.jpg;embedded-raster;0;0.00;0.00000000
GE9910_W.jpg;embedded-raster;0;0.00;0.00000000
GE9910_X.jpg;embedded-raster;0;0.00;0.00000000
HC0010.JPG;embedded-raster;0;0.00;0.00000000
HW0010.JPG;embedded-raster;0;0.00;0.00000000
L60x.jpg;embedded-raster;0;0.00;0.00000000
L60x_LCD.jpg;embedded-raster;0;0.00;0.00000000
L60x_T.jpg;embedded-raster;0;0.00;0.00000000
L60x_TS.jpg;embedded-raster;0;0.00;0.00000000
L60x_TSP.jpg;embedded-raster;0;0.00;0.00000000
L60x_TSPF.jpg;embedded-raster;0;0.00;0.00000000
L79x_LCD.jpg;embedded-raster;0;0.00;0.00000000
L79x_T.jpg;embedded-raster;0;0.00;0.00000000
L79x_TSP.jpg;embedded-raster;0;0.00;0.00000000
LFT_Tuer.jpg;embedded-raster;0;0.00;0.00000000
LOGO.JPG;embedded-raster;0;0.00;0.00000000
LOGO_SI.JPG;embedded-raster;0;0.00;0.00000000
Lueftung.JPG;embedded-raster;0;0.00;0.00000000
NAV0000.jpg;embedded-raster;0;0.00;0.00000000
NAV0010.JPG;embedded-raster;0;0.00;0.00000000
NAV0011.JPG;embedded-raster;0;0.00;0.00000000
NAV0012.JPG;embedded-raster;0;0.00;0.00000000
NAV0013.JPG;embedded-raster;0;0.00;0.00000000
NAV0014.JPG;embedded-raster;0;0.00;0.00000000
NAV0015.JPG;embedded-raster;0;0.00;0.00000000
NAV0016.JPG;embedded-raster;0;0.00;0.00000000
NAV0017.JPG;embedded-raster;0;0.00;0.00000000
NAV0018.JPG;embedded-raster;0;0.00;0.00000000
NAV0020.JPG;embedded-raster;0;0.00;0.00000000
PC.jpg;embedded-raster;0;0.00;0.00000000
PCD.jpg;embedded-raster;0;0.00;0.00000000
PCD3.JPG;embedded-raster;0;0.00;0.00000000
Rail.jpg;embedded-raster;0;0.00;0.00000000
RepAus.jpg;embedded-raster;0;0.00;0.00000000
RepEin.jpg;embedded-raster;0;0.00;0.00000000
SE0010.jpg;embedded-raster;0;0.00;0.00000000
SE0011.jpg;embedded-raster;0;0.00;0.00000000
SE0012.jpg;embedded-raster;0;0.00;0.00000000
SE0013.jpg;embedded-raster;0;0.00;0.00000000
SE0014.jpg;embedded-raster;0;0.00;0.00000000
SE0021.jpg;embedded-raster;0;0.00;0.00000000
SE0022.jpg;embedded-raster;0;0.00;0.00000000
SE0023.jpg;embedded-raster;0;0.00;0.00000000
SE0024.jpg;embedded-raster;0;0.00;0.00000000
SE0041.jpg;embedded-raster;0;0.00;0.00000000
SE0041_1.jpg;embedded-raster;0;0.00;0.00000000
SE0051.jpg;embedded-raster;0;0.00;0.00000000
SE0052.jpg;embedded-raster;0;0.00;0.00000000
SE0053.jpg;embedded-raster;0;0.00;0.00000000
SE0054.jpg;embedded-raster;0;0.00;0.00000000
SE0061.jpg;embedded-raster;0;0.00;0.00000000
SE0062.jpg;embedded-raster;0;0.00;0.00000000
SE0063.jpg;embedded-raster;0;0.00;0.00000000
SE0064.jpg;embedded-raster;0;0.00;0.00000000
SE0071.jpg;embedded-raster;0;0.00;0.00000000
SE0072.jpg;embedded-raster;0;0.00;0.00000000
SE0073.jpg;embedded-raster;0;0.00;0.00000000
SE0074.jpg;embedded-raster;0;0.00;0.00000000
SE0081.jpg;embedded-raster;0;0.00;0.00000000
SE0082.jpg;embedded-raster;0;0.00;0.00000000
SE0083.jpg;embedded-raster;0;0.00;0.00000000
SE0084.jpg;embedded-raster;0;0.00;0.00000000
SE0090.jpg;embedded-raster;0;0.00;0.00000000
SE0091.jpg;embedded-raster;0;0.00;0.00000000
SE0092.jpg;embedded-raster;0;0.00;0.00000000
SE0093.jpg;embedded-raster;0;0.00;0.00000000
SE0094.jpg;embedded-raster;0;0.00;0.00000000
SE0100.jpg;embedded-raster;0;0.00;0.00000000
SE0101.jpg;embedded-raster;0;0.00;0.00000000
SE0102.jpg;embedded-raster;0;0.00;0.00000000
SE0103.jpg;embedded-raster;0;0.00;0.00000000
SE0104.jpg;embedded-raster;0;0.00;0.00000000
SE0110.jpg;embedded-raster;0;0.00;0.00000000
SE0111.jpg;embedded-raster;0;0.00;0.00000000
SE0112.jpg;embedded-raster;0;0.00;0.00000000
SE0113.jpg;embedded-raster;0;0.00;0.00000000
SE0114.jpg;embedded-raster;0;0.00;0.00000000
SE0120.jpg;embedded-raster;0;0.00;0.00000000
SE0121.jpg;embedded-raster;0;0.00;0.00000000
SE0122.jpg;embedded-raster;0;0.00;0.00000000
SE0123.jpg;embedded-raster;0;0.00;0.00000000
SE0124.jpg;embedded-raster;0;0.00;0.00000000
SH_Objekt1.jpg;embedded-raster;0;0.00;0.00000000
SH_Objekt2.jpg;embedded-raster;0;0.00;0.00000000
SH_VAV.jpg;embedded-raster;0;0.00;0.00000000
SemALD1.jpg;embedded-raster;0;0.00;0.00000000
SemALE3.jpg;embedded-raster;0;0.00;0.00000000
SemAWD3.jpg;embedded-raster;0;0.00;0.00000000
Sign_07.jpg;embedded-raster;0;0.00;0.00000000
Status.jpg;embedded-raster;0;0.00;0.00000000
Unbenannt.JPG;embedded-raster;0;0.00;0.00000000
UserLogin.JPG;embedded-raster;0;0.00;0.00000000
WT_L.jpg;embedded-raster;0;0.00;0.00000000
WorkFlow.JPG;embedded-raster;0;0.00;0.00000000
b_alarm.jpg;embedded-raster;0;0.00;0.00000000
b_back.jpg;embedded-raster;0;0.00;0.00000000
b_climate1.jpg;embedded-raster;0;0.00;0.00000000
b_clock.jpg;embedded-raster;0;0.00;0.00000000
b_electro1.jpg;embedded-raster;0;0.00;0.00000000
b_forward.jpg;embedded-raster;0;0.00;0.00000000
b_heating1.JPG;embedded-raster;0;0.00;0.00000000
b_info.jpg;embedded-raster;0;0.00;0.00000000
b_language.jpg;embedded-raster;0;0.00;0.00000000
b_sanitary1.jpg;embedded-raster;0;0.00;0.00000000
b_settings.jpg;embedded-raster;0;0.00;0.00000000
b_trend.jpg;embedded-raster;0;0.00;0.00000000
b_trend_his.jpg;embedded-raster;0;0.00;0.00000000
b_trend_online.jpg;embedded-raster;0;0.00;0.00000000
b_ventilation1.jpg;embedded-raster;0;0.00;0.00000000
bg_deco_norm.jpg;embedded-raster;0;0.00;0.00000000
bg_deco_start.JPG;embedded-raster;0;0.00;0.00000000
bottom.gif;embedded-raster;0;0.00;0.00000000
btn_air.jpg;embedded-raster;0;0.00;0.00000000
btn_clima.jpg;embedded-raster;0;0.00;0.00000000
btn_electro.jpg;embedded-raster;0;0.00;0.00000000
btn_heat.jpg;embedded-raster;0;0.00;0.00000000
btn_hwater.jpg;embedded-raster;0;0.00;0.00000000
btn_neutral.jpg;embedded-raster;0;0.00;0.00000000
btn_sanitary.jpg;embedded-raster;0;0.00;0.00000000
btn_sett.jpg;embedded-raster;0;0.00;0.00000000
btn_start.jpg;embedded-raster;0;0.00;0.00000000
p_date.jpg;embedded-raster;0;0.00;0.00000000
top.gif;embedded-raster;0;0.00;0.00000000
weather01.jpg;embedded-raster;0;0.00;0.00000000
weather02.jpg;embedded-raster;0;0.00;0.00000000
weather03.jpg;embedded-raster;0;0.00;0.00000000
weather04.jpg;embedded-raster;0;0.00;0.00000000
weather05.jpg;embedded-raster;0;0.00;0.00000000
z_111.jpg;embedded-raster;0;0.00;0.00000000
z_113.jpg;embedded-raster;0;0.00;0.00000000
z_200.jpg;embedded-raster;0;0.00;0.00000000
z_201.jpg;embedded-raster;0;0.00;0.00000000
z_202.jpg;embedded-raster;0;0.00;0.00000000
z_203.jpg;embedded-raster;0;0.00;0.00000000
z_204.jpg;embedded-raster;0;0.00;0.00000000
z_205.jpg;embedded-raster;0;0.00;0.00000000
z_206.jpg;embedded-raster;0;0.00;0.00000000
z_207.jpg;embedded-raster;0;0.00;0.00000000
z_208.jpg;embedded-raster;0;0.00;0.00000000
z_209.jpg;embedded-raster;0;0.00;0.00000000
z_210.jpg;embedded-raster;0;0.00;0.00000000
z_211.jpg;embedded-raster;0;0.00;0.00000000
z_212.jpg;embedded-raster;0;0.00;0.00000000
z_213.jpg;embedded-raster;0;0.00;0.00000000
z_228.jpg;embedded-raster;0;0.00;0.00000000
z_229.jpg;embedded-raster;0;0.00;0.00000000
z_230.jpg;embedded-raster;0;0.00;0.00000000
z_231.jpg;embedded-raster;0;0.00;0.00000000
z_232.jpg;embedded-raster;0;0.00;0.00000000
z_233.jpg;embedded-raster;0;0.00;0.00000000
z_234.jpg;embedded-raster;0;0.00;0.00000000
z_242.jpg;embedded-raster;0;0.00;0.00000000
z_243.jpg;embedded-raster;0;0.00;0.00000000
z_244.jpg;embedded-raster;0;0.00;0.00000000
z_245.jpg;embedded-raster;0;0.00;0.00000000
z_246.jpg;embedded-raster;0;0.00;0.00000000
z_247.jpg;embedded-raster;0;0.00;0.00000000
z_248.jpg;embedded-raster;0;0.00;0.00000000
z_256.jpg;embedded-raster;0;0.00;0.00000000
z_257.jpg;embedded-raster;0;0.00;0.00000000
z_258.jpg;embedded-raster;0;0.00;0.00000000
z_259.jpg;embedded-raster;0;0.00;0.00000000
z_260.jpg;embedded-raster;0;0.00;0.00000000
z_261.jpg;embedded-raster;0;0.00;0.00000000
z_262.jpg;embedded-raster;0;0.00;0.00000000
z_270.jpg;embedded-raster;0;0.00;0.00000000
z_271.jpg;embedded-raster;0;0.00;0.00000000
z_272.jpg;embedded-raster;0;0.00;0.00000000
z_273.jpg;embedded-raster;0;0.00;0.00000000
z_274.jpg;embedded-raster;0;0.00;0.00000000
z_275.jpg;embedded-raster;0;0.00;0.00000000
z_276.jpg;embedded-raster;0;0.00;0.00000000
z_284.jpg;embedded-raster;0;0.00;0.00000000
z_285.jpg;embedded-raster;0;0.00;0.00000000
z_286.jpg;embedded-raster;0;0.00;0.00000000
z_287.jpg;embedded-raster;0;0.00;0.00000000
z_288.jpg;embedded-raster;0;0.00;0.00000000
z_289.jpg;embedded-raster;0;0.00;0.00000000
z_290.jpg;embedded-raster;0;0.00;0.00000000
z_298.jpg;embedded-raster;0;0.00;0.00000000
z_299.jpg;embedded-raster;0;0.00;0.00000000
z_300.jpg;embedded-raster;0;0.00;0.00000000
z_301.jpg;embedded-raster;0;0.00;0.00000000
z_302.jpg;embedded-raster;0;0.00;0.00000000
z_303.jpg;embedded-raster;0;0.00;0.00000000
z_304.jpg;embedded-raster;0;0.00;0.00000000
