image,svg,width,height,avg_error_per_pixel
DLG0040.jpg,DLG0040.svg,30,25,0.000000
GE1313_S.jpg,GE1313_S.svg,50,20,0.000000
DLG0001.JPG,DLG0001.svg,1600,1200,1.010503
GE0000.JPG,GE0000.svg,1600,1200,1.010503
GE1313_M.jpg,GE1313_M.svg,75,25,1.149867
GE1312_M.jpg,GE1312_M.svg,335,25,2.829731
GE9901_S.jpg,GE9901_S.svg,640,480,2.952591
GE9901_W.jpg,GE9901_W.svg,1600,1200,2.965217
GE9901_X.jpg,GE9901_X.svg,1280,1024,2.966048
GE9901_M.jpg,GE9901_M.svg,800,600,2.982438
GE9901_L.jpg,GE9901_L.svg,1024,768,2.985051
GE1311_M.jpg,GE1311_M.svg,165,25,3.012848
GE1310_M.jpg,GE1310_M.svg,75,25,3.461333
GE1312_S.jpg,GE1312_S.svg,210,20,3.509762
GE1311_S.jpg,GE1311_S.svg,120,20,3.811667
GE1310_S.jpg,GE1310_S.svg,55,20,4.362727
GE1302_M.jpg,GE1302_M.svg,335,25,4.509493
GE1301_M.jpg,GE1301_M.svg,165,25,4.812121
GE9041_7S.jpg,GE9041_7S.svg,20,20,4.860000
GE1300_M.jpg,GE1300_M.svg,75,25,4.894400
GE9043_7S.jpg,GE9043_7S.svg,20,20,4.972500
GE1302_S.jpg,GE1302_S.svg,210,20,5.724048
DLG0070.JPG,DLG0070.svg,66,20,5.757576
DLG0014.JPG,DLG0014.svg,350,25,5.766514
AC0304_2_L.jpg,AC0304_2_L.svg,80,80,5.850937
AC0301_2_L.jpg,AC0301_2_L.svg,80,80,5.854844
DLG0016.JPG,DLG0016.svg,180,25,5.980222
DLG0010.JPG,DLG0010.svg,90,25,6.000444
GE9005_7S.jpg,GE9005_7S.svg,10,10,6.050000
GE1301_S.jpg,GE1301_S.svg,120,20,6.115417
GE9031_7M.jpg,GE9031_7M.svg,40,40,6.350000
GE1300_S.jpg,GE1300_S.svg,55,20,6.614545
GE1201_M.jpg,GE1201_M.svg,20,20,6.627500
GE1201_L.jpg,GE1201_L.svg,25,25,6.643200
AC0301_2_M.jpg,AC0301_2_M.svg,60,60,6.731389
AC0304_2_M.jpg,AC0304_2_M.svg,60,60,6.789722
GE9031_7S.jpg,GE9031_7S.svg,20,20,6.817500
GE0285.jpg,GE0285.svg,20,20,6.855000
AC0303_2_L.jpg,AC0303_2_L.svg,80,80,6.959219
AC0302_2_L.jpg,AC0302_2_L.svg,80,80,6.963438
GE0010.jpg,GE0010.svg,1024,768,7.182616
GE9001_3Sx.jpg,GE9001_3Sx.svg,62,60,7.187903
GE9910_S.jpg,GE9910_S.svg,100,160,7.210375
GE9910_M.jpg,GE9910_M.svg,200,320,7.548156
GE9910_X.jpg,GE9910_X.svg,345,555,7.625298
AC0412_2.jpg,AC0412_2.svg,80,80,7.625781
GE9910_W.jpg,GE9910_W.svg,400,640,7.675957
GE9910_L.jpg,GE9910_L.svg,260,420,7.733095
GE0281.jpg,GE0281.svg,21,21,7.839002
AC0302_2_M.jpg,AC0302_2_M.svg,60,60,8.165833
AC0303_2_M.jpg,AC0303_2_M.svg,60,60,8.193611
GE1002_L.jpg,GE1002_L.svg,30,30,8.313333
AC0304_2_S.jpg,AC0304_2_S.svg,40,40,8.416875
GE1201_S.jpg,GE1201_S.svg,15,15,8.475556
DLG0011.JPG,DLG0011.svg,90,25,8.819111
AC0303_2_S.jpg,AC0303_2_S.svg,40,40,9.123750
AC0538_2S_sia.jpg,AC0538_2S_sia.svg,40,20,9.202500
AC0502_2S_sia.jpg,AC0502_2S_sia.svg,40,20,9.355000
GE9042_5S.jpg,GE9042_5S.svg,20,20,9.427500
AC0302_2_S.jpg,AC0302_2_S.svg,40,40,9.514375
AC0532_2S_sia.jpg,AC0532_2S_sia.svg,40,20,9.520000
AC0402_2.jpg,AC0402_2.svg,60,60,9.554167
AC0301_2_S.jpg,AC0301_2_S.svg,40,40,9.598750
AC0537_2S_sia.jpg,AC0537_2S_sia.svg,20,40,9.645000
AC0504_2S_sia.jpg,AC0504_2S_sia.svg,40,20,9.678750
DLG0013.JPG,DLG0013.svg,350,25,9.692800
GE1002_M.jpg,GE1002_M.svg,25,25,9.728000
z_302.jpg,z_302.svg,19,13,9.728745
AC0201_2.jpg,AC0201_2.svg,50,50,9.752800
AC0531_2S_sia.jpg,AC0531_2S_sia.svg,20,40,9.775000
AC0501_2S_sia.jpg,AC0501_2S_sia.svg,20,40,9.783750
GE9042_3S.jpg,GE9042_3S.svg,20,20,9.795000
AC0204_2.jpg,AC0204_2.svg,50,50,9.879200
DLG0017.JPG,DLG0017.svg,90,25,9.903556
AC0503_2S_sia.jpg,AC0503_2S_sia.svg,20,40,9.951250
GE1102_M.jpg,GE1102_M.svg,20,40,9.996250
AC0304_1_L.jpg,AC0304_1_L.svg,80,80,10.092031
z_288.jpg,z_288.svg,13,19,10.093117
AC0301_1_L.jpg,AC0301_1_L.svg,80,80,10.093438
DLG0015.JPG,DLG0015.svg,180,25,10.096444
GE1002_S.jpg,GE1002_S.svg,20,20,10.190000
AC0536_2L_sia.jpg,AC0536_2L_sia.svg,80,40,10.293437
z_274.jpg,z_274.svg,13,19,10.368421
DLG0018.JPG,DLG0018.svg,90,25,10.520889
DLG0071.JPG,DLG0071.svg,66,20,10.545455
AC0535_2S_sia.jpg,AC0535_2S_sia.svg,20,40,10.613750
bg_deco_start.JPG,bg_deco_start.svg,436,1200,10.662307
z_260.jpg,z_260.svg,19,14,10.740602
AC0202_2.jpg,AC0202_2.svg,50,50,10.804000
btn_neutral.jpg,btn_neutral.svg,340,81,10.879557
DLG0002.jpg,DLG0002.svg,340,81,10.879557
DLG0003.jpg,DLG0003.svg,340,81,10.879557
NAV0000.jpg,NAV0000.svg,340,81,10.879557
AC0203_2.jpg,AC0203_2.svg,50,50,10.970400
GE9034_7M.jpg,GE9034_7M.svg,40,40,10.974375
GE9044_7S.jpg,GE9044_7S.svg,20,20,11.057500
z_213.jpg,z_213.svg,6,68,11.073529
GE9033_7M.jpg,GE9033_7M.svg,40,40,11.081250
NAV0010.JPG,NAV0010.svg,45,30,11.122222
AC0504_2L_sia.jpg,AC0504_2L_sia.svg,80,40,11.141250
z_233.jpg,z_233.svg,34,12,11.156863
AC0304_1_M.jpg,AC0304_1_M.svg,60,60,11.176944
AC0301_1_M.jpg,AC0301_1_M.svg,60,60,11.179444
z_206.jpg,z_206.svg,68,6,11.203431
GE0021_L.jpg,GE0021_L.svg,70,70,11.226327
AC0303_1_L.jpg,AC0303_1_L.svg,80,80,11.230469
AC0302_1_L.jpg,AC0302_1_L.svg,80,80,11.246719
AC0538_2L_sia.jpg,AC0538_2L_sia.svg,80,40,11.318125
GE0021_M.jpg,GE0021_M.svg,60,60,11.399444
AC0070_M.jpg,AC0070_M.svg,30,110,11.426970
GE9006_7S.jpg,GE9006_7S.svg,10,10,11.460000
AC0534_2L_sia.jpg,AC0534_2L_sia.svg,80,40,11.502500
AC0080_M.jpg,AC0080_M.svg,30,110,11.572424
btn_electro.jpg,btn_electro.svg,345,81,11.624727
GE0021_S.jpg,GE0021_S.svg,50,50,11.654400
AC0412_2_L.jpg,AC0412_2_L.svg,40,40,11.728125
GE1102_L.jpg,GE1102_L.svg,25,50,11.790400
GE1102_S.jpg,GE1102_S.svg,15,30,11.802222
AC0536_2S_sia.jpg,AC0536_2S_sia.svg,40,20,11.838750
AC0413_2_L.jpg,AC0413_2_L.svg,40,40,11.901250
NAV0013.JPG,NAV0013.svg,45,30,11.934815
AC0413_2_M.jpg,AC0413_2_M.svg,30,30,11.944444
GE9032_7S.jpg,GE9032_7S.svg,20,20,11.995000
GE0203_L.jpg,GE0203_L.svg,70,70,12.036327
AC0414_2_L.jpg,AC0414_2_L.svg,40,40,12.079375
GE9011_7M.jpg,GE9011_7M.svg,20,60,12.142500
GE0203_S.jpg,GE0203_S.svg,50,50,12.199200
AC0411_2_L.jpg,AC0411_2_L.svg,40,40,12.240000
AC0412_2_M.jpg,AC0412_2_M.svg,30,30,12.318889
AC0535_1S_sia.jpg,AC0535_1S_sia.svg,20,40,12.411250
GE9012_7S.jpg,GE9012_7S.svg,30,10,12.416667
AC0532_2_M.jpg,AC0532_2_M.svg,60,30,12.434444
GE9005_7M.jpg,GE9005_7M.svg,20,20,12.495000
GE0203_M.jpg,GE0203_M.svg,60,60,12.539167
AC0302_1_M.jpg,AC0302_1_M.svg,60,60,12.572778
AC0303_1_M.jpg,AC0303_1_M.svg,60,60,12.586389
GE0022_2_L.jpg,GE0022_2_L.svg,70,70,12.654694
GE0999.jpg,GE0999.svg,75,75,12.654933
GE9902_W.jpg,GE9902_W.svg,1600,1200,12.672114
AC0414_2_M.jpg,AC0414_2_M.svg,30,30,12.738889
AC0301_1_S.jpg,AC0301_1_S.svg,40,40,12.876875
GE0022_2_M.jpg,GE0022_2_M.svg,60,60,12.895278
GE0022_2_S.jpg,GE0022_2_S.svg,50,50,12.928000
AC0304_1_S.jpg,AC0304_1_S.svg,40,40,12.946875
GE9034_7S.jpg,GE9034_7S.svg,20,20,12.952500
GE1101_M.jpg,GE1101_M.svg,30,25,12.968000
GE9041_1S.jpg,GE9041_1S.svg,20,20,12.977500
GE0100_S.jpg,GE0100_S.svg,150,35,12.988190
AC0402_1.jpg,AC0402_1.svg,60,60,13.125278
GE9043_1S.jpg,GE9043_1S.svg,20,20,13.137500
GE9014_7S.jpg,GE9014_7S.svg,30,10,13.170000
GE0100_M.jpg,GE0100_M.svg,175,40,13.192714
GE9902_X.jpg,GE9902_X.svg,1280,1024,13.213725
AC0304_2L_sia.jpg,AC0304_2L_sia.svg,80,80,13.232344
AC0303_2L_sia.jpg,AC0303_2L_sia.svg,80,80,13.234687
AC0303_2M_sia.jpg,AC0303_2M_sia.svg,60,60,13.243611
AC0304_2M_sia.jpg,AC0304_2M_sia.svg,60,60,13.245833
LFT_Tuer.jpg,LFT_Tuer.svg,35,144,13.247619
AC0201_1.jpg,AC0201_1.svg,50,50,13.253200
AC0533_2L_sia.jpg,AC0533_2L_sia.svg,40,80,13.270625
AC0411_2_M.jpg,AC0411_2_M.svg,30,30,13.303333
AC0536_1L_sia.jpg,AC0536_1L_sia.svg,80,40,13.320000
AC0303_1_S.jpg,AC0303_1_S.svg,40,40,13.322500
AC0537_2L_sia.jpg,AC0537_2L_sia.svg,40,80,13.326875
AC0422_2_L.jpg,AC0422_2_L.svg,40,40,13.346250
AC0532_2_L.jpg,AC0532_2_L.svg,80,40,13.434688
GE0355.jpg,GE0355.svg,75,75,13.520356
AC0501_2L_sia.jpg,AC0501_2L_sia.svg,40,80,13.538438
GE1101_L.jpg,GE1101_L.svg,35,30,13.631429
GE9042_1S.jpg,GE9042_1S.svg,20,20,13.762500
AC0502_2L_sia.jpg,AC0502_2L_sia.svg,80,40,13.800937
AC0421_2_L.jpg,AC0421_2_L.svg,40,40,13.918125
GE9041_2S.jpg,GE9041_2S.svg,20,20,13.942500
AC0202_1.jpg,AC0202_1.svg,50,50,13.982400
BackBottom.jpg,BackBottom.svg,50,50,14.000000
GE9005_4S.jpg,GE9005_4S.svg,10,10,14.010000
AC0532_2_S.jpg,AC0532_2_S.svg,40,20,14.021250
GE0100_L.jpg,GE0100_L.svg,215,50,14.048279
AC0203_1.jpg,AC0203_1.svg,50,50,14.063200
GE1411_M.jpg,GE1411_M.svg,20,20,14.087500
AC0533_S_sia.jpg,AC0533_S_sia.svg,20,40,14.121250
AC0532_S_sia.jpg,AC0532_S_sia.svg,40,20,14.146250
AC0301_2L_sia.jpg,AC0301_2L_sia.svg,80,80,14.218750
AC0423_2_L.jpg,AC0423_2_L.svg,40,40,14.228750
AC0302_2S_sia.jpg,AC0302_2S_sia.svg,40,40,14.320000
z_248.jpg,z_248.svg,28,11,14.337662
AC0424_2_L.jpg,AC0424_2_L.svg,40,40,14.353125
GE9012_7M.jpg,GE9012_7M.svg,60,20,14.387500
AC0531_S_sia.jpg,AC0531_S_sia.svg,20,40,14.403750
GE0103_S.jpg,GE0103_S.svg,150,35,14.408762
GE1100_L.jpg,GE1100_L.svg,35,30,14.418095
AC0536_1S_sia.jpg,AC0536_1S_sia.svg,40,20,14.428750
AC0303_2S_sia.jpg,AC0303_2S_sia.svg,40,40,14.460000
AC0304_2S_sia.jpg,AC0304_2S_sia.svg,40,40,14.460000
GE9006_7M.jpg,GE9006_7M.svg,20,20,14.462500
GE9032_7M.jpg,GE9032_7M.svg,40,40,14.463125
AC0302_1_S.jpg,AC0302_1_S.svg,40,40,14.481875
GE1100_M.jpg,GE1100_M.svg,30,25,14.492000
AC0554_2_M.jpg,AC0554_2_M.svg,60,30,14.492778
GE1200_L.jpg,GE1200_L.svg,25,25,14.494400
AC0552_2_M.jpg,AC0552_2_M.svg,60,30,14.512778
GE9002_7S.jpg,GE9002_7S.svg,60,10,14.555000
GE1411_L.jpg,GE1411_L.svg,25,25,14.577600
AC0538_S_sia.jpg,AC0538_S_sia.svg,40,20,14.578750
AC0536_S_sia.jpg,AC0536_S_sia.svg,40,20,14.660000
GE0011.jpg,GE0011.svg,1024,768,14.693729
GE0103_M.jpg,GE0103_M.svg,175,40,14.786286
AC0501_S_sia.jpg,AC0501_S_sia.svg,20,40,14.823750
AC0503_S_sia.jpg,AC0503_S_sia.svg,20,40,14.823750
GE0044_L.jpg,GE0044_L.svg,70,70,14.874490
GE1101_S.jpg,GE1101_S.svg,25,20,14.910000
GE9024_7S.jpg,GE9024_7S.svg,30,10,14.923333
GE9033_7S.jpg,GE9033_7S.svg,20,20,14.977500
AC0301_2M_sia.jpg,AC0301_2M_sia.svg,60,60,15.016667
AC0302_2L_sia.jpg,AC0302_2L_sia.svg,80,80,15.073281
GE9031_4S.jpg,GE9031_4S.svg,20,20,15.082500
GE0201_L.jpg,GE0201_L.svg,70,70,15.125714
AC0534_S_sia.jpg,AC0534_S_sia.svg,40,20,15.136250
GE9042_2S.jpg,GE9042_2S.svg,20,20,15.200000
GE0201_M.jpg,GE0201_M.svg,60,60,15.252222
GE0201_S.jpg,GE0201_S.svg,50,50,15.253200
GE1200_M.jpg,GE1200_M.svg,20,20,15.315000
GE0044_M.jpg,GE0044_M.svg,60,60,15.326944
AC0554_2_L.jpg,AC0554_2_L.svg,80,40,15.329375
GE0023_L.jpg,GE0023_L.svg,70,70,15.332653
GE9022_7S.jpg,GE9022_7S.svg,30,10,15.343333
GE0023_S.jpg,GE0023_S.svg,50,50,15.352000
AC0422_2_M.jpg,AC0422_2_M.svg,30,30,15.434444
AC0552_2_L.jpg,AC0552_2_L.svg,80,40,15.480000
AC0423_2_M.jpg,AC0423_2_M.svg,30,30,15.483333
AC0537_M_sia.jpg,AC0537_M_sia.svg,30,60,15.619444
AC0070_L.jpg,AC0070_L.svg,40,140,15.692500
AC0536_2M_sia.jpg,AC0536_2M_sia.svg,60,30,15.704444
AC0504_2M_sia.jpg,AC0504_2M_sia.svg,60,30,15.706111
GE0023_1_L.jpg,GE0023_1_L.svg,70,70,15.783469
AC0302_2M_sia.jpg,AC0302_2M_sia.svg,60,60,15.832222
DLG0020.jpg,DLG0020.svg,24,24,15.842014
GE9014_7M.jpg,GE9014_7M.svg,60,20,15.863333
GE0103_L.jpg,GE0103_L.svg,215,50,15.886791
GE0023_1_S.jpg,GE0023_1_S.svg,50,50,15.910400
AC0080_L.jpg,AC0080_L.svg,40,140,15.967857
GE0044_S.jpg,GE0044_S.svg,50,50,15.970400
AC0531_1M_sia.jpg,AC0531_1M_sia.svg,30,60,15.971667
GE1100_S.jpg,GE1100_S.svg,25,20,16.020000
GE0045_L.jpg,GE0045_L.svg,35,35,16.035918
GE9001_7S.jpg,GE9001_7S.svg,10,60,16.048333
GE9005_5S.jpg,GE9005_5S.svg,10,10,16.090000
AC0421_2_M.jpg,AC0421_2_M.svg,30,30,16.116667
GE0023_M.jpg,GE0023_M.svg,60,60,16.172222
GE0109_M.jpg,GE0109_M.svg,175,40,16.182000
AC0501_2_M.jpg,AC0501_2_M.svg,30,60,16.185556
AC0152_L.jpg,AC0152_L.svg,190,400,16.192618
AC0538_M_sia.jpg,AC0538_M_sia.svg,60,30,16.325556
GE9005_3S.jpg,GE9005_3S.svg,10,10,16.350000
AC0532_2M_sia.jpg,AC0532_2M_sia.svg,60,30,16.377222
AC0424_2_M.jpg,AC0424_2_M.svg,30,30,16.412222
AC0502_2_M.jpg,AC0502_2_M.svg,60,30,16.425000
GE0023_1_M.jpg,GE0023_1_M.svg,60,60,16.437500
GE0045_M.jpg,GE0045_M.svg,30,30,16.438889
AC0535_L_sia.jpg,AC0535_L_sia.svg,40,80,16.454375
AC0501_M_sia.jpg,AC0501_M_sia.svg,30,60,16.532778
AC0503_M_sia.jpg,AC0503_M_sia.svg,30,60,16.532778
GE0022_S.jpg,GE0022_S.svg,50,50,16.560400
AC0501_1L_sia.jpg,AC0501_1L_sia.svg,40,80,16.622500
AC0412_1_L.jpg,AC0412_1_L.svg,40,40,16.678750
AC0538_1S_sia.jpg,AC0538_1S_sia.svg,40,20,16.681250
GE0109_S.jpg,GE0109_S.svg,150,35,16.701143
AC0537_1L_sia.jpg,AC0537_1L_sia.svg,40,80,16.716250
AC0532_1_M.jpg,AC0532_1_M.svg,60,30,16.730556
AC0537_1S_sia.jpg,AC0537_1S_sia.svg,20,40,16.836250
AC0413_1_M.jpg,AC0413_1_M.svg,30,30,16.861111
AC0414_1_M.jpg,AC0414_1_M.svg,30,30,16.861111
GE0206_S.jpg,GE0206_S.svg,50,50,16.874000
AC0301_2S_sia.jpg,AC0301_2S_sia.svg,40,40,16.891875
AC0533_1L_sia.jpg,AC0533_1L_sia.svg,40,80,16.909375
GE1411_S.jpg,GE1411_S.svg,15,15,16.911111
AC0412_1_M.jpg,AC0412_1_M.svg,30,30,16.916667
AC0535_1M_sia.jpg,AC0535_1M_sia.svg,30,60,16.928333
GE0206_L.jpg,GE0206_L.svg,70,70,16.985306
GE1200_S.jpg,GE1200_S.svg,15,15,17.008889
GE0022_M.jpg,GE0022_M.svg,60,60,17.018611
GE0206_M.jpg,GE0206_M.svg,60,60,17.025000
GE0022_L.jpg,GE0022_L.svg,70,70,17.028980
GE9041_6S.jpg,GE9041_6S.svg,20,20,17.030000
AC0502_2_L.jpg,AC0502_2_L.svg,80,40,17.040937
AC0411_1_L.jpg,AC0411_1_L.svg,40,40,17.117500
AC0413_1_L.jpg,AC0413_1_L.svg,40,40,17.130625
AC0414_1_L.jpg,AC0414_1_L.svg,40,40,17.130625
GE0282.jpg,GE0282.svg,21,21,17.165533
AC0538_1L_sia.jpg,AC0538_1L_sia.svg,80,40,17.242188
btn_air.jpg,btn_air.svg,345,81,17.267561
AC0536_L_sia.jpg,AC0536_L_sia.svg,80,40,17.336562
GE9042_6S.jpg,GE9042_6S.svg,20,20,17.340000
Status.jpg,Status.svg,58,28,17.414409
GE9043_6S.jpg,GE9043_6S.svg,20,20,17.415000
RepAus.jpg,RepAus.svg,20,20,17.422500
GE0045_S.jpg,GE0045_S.svg,25,25,17.425600
AC0502_1L_sia.jpg,AC0502_1L_sia.svg,80,40,17.448438
GE0014.jpg,GE0014.svg,33,33,17.451791
AC0414_2_S.jpg,AC0414_2_S.svg,20,20,17.510000
AC0535_M_sia.jpg,AC0535_M_sia.svg,30,60,17.511667
AC0411_2_S.jpg,AC0411_2_S.svg,20,20,17.512500
AC0535_S_sia.jpg,AC0535_S_sia.svg,20,40,17.536250
AC0533_2S_sia.jpg,AC0533_2S_sia.svg,20,40,17.592500
GE0357.jpg,GE0357.svg,75,75,17.670044
AC0503_2M_sia.jpg,AC0503_2M_sia.svg,30,60,17.724444
GE9031_5S.jpg,GE9031_5S.svg,20,20,17.767500
GE0109_L.jpg,GE0109_L.svg,215,50,17.769953
AC0152_M.jpg,AC0152_M.svg,110,230,17.771067
AC0501_L_sia.jpg,AC0501_L_sia.svg,40,80,17.783125
AC0503_L_sia.jpg,AC0503_L_sia.svg,40,80,17.783125
AC0152_S.jpg,AC0152_S.svg,60,110,17.785455
GE0303_S.jpg,GE0303_S.svg,50,50,17.798400
b_clock.jpg,b_clock.svg,51,51,17.845829
GE9031_3S.jpg,GE9031_3S.svg,20,20,17.887500
AC0501_2_S.jpg,AC0501_2_S.svg,20,40,17.950000
AC0541_2_M.jpg,AC0541_2_M.svg,30,30,17.951111
AC0542_2_M.jpg,AC0542_2_M.svg,30,30,17.961111
Lueftung.JPG,Lueftung.svg,120,120,17.980347
GE0301_S.jpg,GE0301_S.svg,50,50,18.074800
AC0411_1_M.jpg,AC0411_1_M.svg,30,30,18.133333
AC0502_S_sia.jpg,AC0502_S_sia.svg,40,20,18.153750
GE0101_S.jpg,GE0101_S.svg,150,35,18.168762
AC0504_L_sia.jpg,AC0504_L_sia.svg,80,40,18.170625
GE0301_L.jpg,GE0301_L.svg,70,70,18.174898
AC0534_M_sia.jpg,AC0534_M_sia.svg,60,30,18.218333
Unbenannt.JPG,Unbenannt.svg,90,25,18.220444
GE0354.jpg,GE0354.svg,75,75,18.232000
GE0303_L.jpg,GE0303_L.svg,70,70,18.246939
AC0532_1_L.jpg,AC0532_1_L.svg,80,40,18.265313
AC0501_2M_sia.jpg,AC0501_2M_sia.svg,30,60,18.288333
GE0035.jpg,GE0035.svg,36,35,18.292857
AC0503_1M_sia.jpg,AC0503_1M_sia.svg,30,60,18.405556
GE9033_3S.jpg,GE9033_3S.svg,20,20,18.417500
AC0537_2M_sia.jpg,AC0537_2M_sia.svg,30,60,18.445556
GE9032_4S.jpg,GE9032_4S.svg,20,20,18.510000
GE0301_M.jpg,GE0301_M.svg,60,60,18.550833
AC0813_S.jpg,AC0813_S.svg,15,25,18.552000
b_climate1.jpg,b_climate1.svg,52,51,18.592383
AC0502_2_S.jpg,AC0502_2_S.svg,40,20,18.592500
AC0502_L_sia.jpg,AC0502_L_sia.svg,80,40,18.610937
GE9044_7M.jpg,GE9044_7M.svg,40,40,18.658125
AC0422_1_L.jpg,AC0422_1_L.svg,40,40,18.708750
GE0101_M.jpg,GE0101_M.svg,175,40,18.713571
GE9042_7S.jpg,GE9042_7S.svg,20,20,18.732500
GE9024_7M.jpg,GE9024_7M.svg,60,20,18.793333
AC0532_1_S.jpg,AC0532_1_S.svg,40,20,18.795000
DLG0000.jpg,DLG0000.svg,1200,50,18.885167
AC0504_S_sia.jpg,AC0504_S_sia.svg,40,20,18.903750
GE0306_M.jpg,GE0306_M.svg,60,60,18.932500
AC0536_1M_sia.jpg,AC0536_1M_sia.svg,60,30,18.948333
z_229.jpg,z_229.svg,34,12,18.980392
AC0504_1M_sia.jpg,AC0504_1M_sia.svg,60,30,19.019444
GE9022_7M.jpg,GE9022_7M.svg,60,20,19.030000
z_284.jpg,z_284.svg,13,19,19.040486
z_231.jpg,z_231.svg,34,12,19.041667
GE9021_7M.jpg,GE9021_7M.svg,20,60,19.063333
AC0542_2_L.jpg,AC0542_2_L.svg,40,40,19.087500
AC0532_2L_sia.jpg,AC0532_2L_sia.svg,80,40,19.133125
z_301.jpg,z_301.svg,19,14,19.180451
GE0303_M.jpg,GE0303_M.svg,60,60,19.206944
AC0890_S.jpg,AC0890_S.svg,25,30,19.249333
AC0531_L_sia.jpg,AC0531_L_sia.svg,40,80,19.255625
AC0421_1_L.jpg,AC0421_1_L.svg,40,40,19.278750
GE9023_7M.jpg,GE9023_7M.svg,20,60,19.279167
AC0413_2_S.jpg,AC0413_2_S.svg,20,20,19.295000
AC0412_2_S.jpg,AC0412_2_S.svg,20,20,19.300000
AC0532_L_sia.jpg,AC0532_L_sia.svg,80,40,19.454375
AC0541_2_L.jpg,AC0541_2_L.svg,40,40,19.480625
NAV0011.JPG,NAV0011.svg,45,30,19.493333
AC0533_1S_sia.jpg,AC0533_1S_sia.svg,20,40,19.498750
AC5010_L_PKW.jpg,AC5010_L_PKW.svg,135,260,19.518462
BW.jpg,BW.svg,135,260,19.518462
GE0358.jpg,GE0358.svg,75,75,19.543467
AC0532_1M_sia.jpg,AC0532_1M_sia.svg,60,30,19.603333
AC0533_2M_sia.jpg,AC0533_2M_sia.svg,30,60,19.634444
AC0504_M_sia.jpg,AC0504_M_sia.svg,60,30,19.717778
GE0306_S.jpg,GE0306_S.svg,50,50,19.814400
GE9034_3S.jpg,GE9034_3S.svg,20,20,19.852500
AC0423_2_S.jpg,AC0423_2_S.svg,20,20,19.970000
AC0423_1_L.jpg,AC0423_1_L.svg,40,40,20.006250
AC0814_S.jpg,AC0814_S.svg,25,15,20.032000
AC0424_1_L.jpg,AC0424_1_L.svg,40,40,20.116250
GE0110_S.jpg,GE0110_S.svg,150,35,20.129714
AC0554_2_S.jpg,AC0554_2_S.svg,40,20,20.160000
GE0202_S.jpg,GE0202_S.svg,50,50,20.160400
GE0302_S.jpg,GE0302_S.svg,50,50,20.178800
AC0531_2M_sia.jpg,AC0531_2M_sia.svg,30,60,20.181667
DLG0041.jpg,DLG0041.svg,30,25,20.218667
GE0306_L.jpg,GE0306_L.svg,70,70,20.229388
AC0501_1S_sia.jpg,AC0501_1S_sia.svg,20,40,20.236250
GE0202_M.jpg,GE0202_M.svg,60,60,20.272778
AC0542_2_S.jpg,AC0542_2_S.svg,20,20,20.297500
GE0004_S.jpg,GE0004_S.svg,50,50,20.313600
GE0280.jpg,GE0280.svg,21,21,20.421769
GE9041_7M.jpg,GE9041_7M.svg,40,40,20.437500
AC0541_2_S.jpg,AC0541_2_S.svg,20,20,20.450000
GE9032_5S.jpg,GE9032_5S.svg,20,20,20.470000
b_electro1.jpg,b_electro1.svg,51,51,20.492118
AC0552_2_S.jpg,AC0552_2_S.svg,40,20,20.522500
AC0538_L_sia.jpg,AC0538_L_sia.svg,80,40,20.574687
GE9044_3S.jpg,GE9044_3S.svg,20,20,20.600000
GE0101_L.jpg,GE0101_L.svg,215,50,20.623442
GE9002_7M.jpg,GE9002_7M.svg,120,20,20.639167
AC0422_2_S.jpg,AC0422_2_S.svg,20,20,20.647500
GE9042_3M.jpg,GE9042_3M.svg,40,40,20.735625
GE9001_7M.jpg,GE9001_7M.svg,20,120,20.746250
AC0222.jpg,AC0222.svg,80,80,20.797969
AC0304_1L_sia.jpg,AC0304_1L_sia.svg,80,80,20.823750
weather05.jpg,weather05.svg,61,61,20.830691
SE0041_1.jpg,SE0041_1.svg,28,44,20.901786
GE0002_s.jpg,GE0002_s.svg,50,50,20.916800
AC0534_1L_sia.jpg,AC0534_1L_sia.svg,80,40,20.949375
AC0412.jpg,AC0412.svg,80,80,20.955469
GE0202_L.jpg,GE0202_L.svg,70,70,21.040408
AC0534_L_sia.jpg,AC0534_L_sia.svg,80,40,21.099375
AC0421_2_S.jpg,AC0421_2_S.svg,20,20,21.105000
AC0538_2M_sia.jpg,AC0538_2M_sia.svg,60,30,21.105556
GE9031_1S.jpg,GE9031_1S.svg,20,20,21.180000
AC0423_1_M.jpg,AC0423_1_M.svg,30,30,21.184444
AC0534_1S_sia.jpg,AC0534_1S_sia.svg,40,20,21.228750
GE9006_4S.jpg,GE9006_4S.svg,10,10,21.240000
AC0553_2_S.jpg,AC0553_2_S.svg,20,40,21.272500
AC0501_1_M.jpg,AC0501_1_M.svg,30,60,21.361667
AC0533_M_sia.jpg,AC0533_M_sia.svg,30,60,21.378889
AC0703_S.jpg,AC0703_S.svg,15,25,21.394667
AC0424_2_S.jpg,AC0424_2_S.svg,20,20,21.395000
AC0532_M_sia.jpg,AC0532_M_sia.svg,60,30,21.462222
GE9043_7M.jpg,GE9043_7M.svg,40,40,21.513125
AC0502_1_M.jpg,AC0502_1_M.svg,60,30,21.543333
AC0303_1L_sia.jpg,AC0303_1L_sia.svg,80,80,21.547031
b_sanitary1.jpg,b_sanitary1.svg,57,52,21.549933
weather04.jpg,weather04.svg,61,61,21.555765
GE9006_5S.jpg,GE9006_5S.svg,10,10,21.600000
GE0302_L.jpg,GE0302_L.svg,70,70,21.624286
z_289.jpg,z_289.svg,13,19,21.627530
AC0302_1L_sia.jpg,AC0302_1L_sia.svg,80,80,21.675625
GE9042_7M.jpg,GE9042_7M.svg,40,40,21.717500
z_298.jpg,z_298.svg,19,14,21.834586
GE9012_5S.jpg,GE9012_5S.svg,30,10,21.876667
AC0VR2_M.jpg,AC0VR2_M.svg,60,30,21.908333
AC0VR2_ZL_M.jpg,AC0VR2_ZL_M.svg,60,30,21.908333
SH_Objekt2.jpg,SH_Objekt2.svg,60,30,21.908333
z_261.jpg,z_261.svg,19,13,21.910931
AC0502_1S_sia.jpg,AC0502_1S_sia.svg,40,20,21.942500
AC0531_1S_sia.jpg,AC0531_1S_sia.svg,20,40,21.981250
GE9006_3S.jpg,GE9006_3S.svg,10,10,22.000000
GE9012_3M.jpg,GE9012_3M.svg,60,20,22.057500
GE0283.jpg,GE0283.svg,21,21,22.070295
z_256.jpg,z_256.svg,19,14,22.082707
AC0502_2M_sia.jpg,AC0502_2M_sia.svg,60,30,22.110000
LOGO_SI.JPG,LOGO_SI.svg,175,95,22.245113
AC0421_1_M.jpg,AC0421_1_M.svg,30,30,22.256667
GE9043_3S.jpg,GE9043_3S.svg,20,20,22.272500
GE1204_M.jpg,GE1204_M.svg,20,20,22.285000
AC0160_M.jpg,AC0160_M.svg,230,230,22.315274
GE0284.jpg,GE0284.svg,21,21,22.319728
AC0812_S.jpg,AC0812_S.svg,25,15,22.365333
GE9043_5S.jpg,GE9043_5S.svg,20,20,22.415000
AC0422_1_M.jpg,AC0422_1_M.svg,30,30,22.416667
AC0534_2S_sia.jpg,AC0534_2S_sia.svg,40,20,22.423750
GE0307_L.jpg,GE0307_L.svg,70,71,22.436419
GE0307_S.jpg,GE0307_S.svg,50,51,22.498824
AC0424_1_M.jpg,AC0424_1_M.svg,30,30,22.545556
AC0702_S.jpg,AC0702_S.svg,25,15,22.552000
GE1202_L.jpg,GE1202_L.svg,25,25,22.555200
GE9014_5S.jpg,GE9014_5S.svg,30,10,22.560000
GE1420_M_neutral.jpg,GE1420_M_neutral.svg,25,25,22.608000
AC0704_1_M.jpg,AC0704_1_M.svg,35,20,22.615714
AC0502_1_L.jpg,AC0502_1_L.svg,80,40,22.618125
GE9014_3M.jpg,GE9014_3M.svg,60,20,22.675833
z_259.jpg,z_259.svg,19,14,22.695489
AC0542_1_M.jpg,AC0542_1_M.svg,30,30,22.704444
AC0503_1S_sia.jpg,AC0503_1S_sia.svg,20,40,22.708750
AC0541_1_M.jpg,AC0541_1_M.svg,30,30,22.725556
NAV0020.JPG,NAV0020.svg,280,1200,22.731926
SE0094.jpg,SE0094.svg,39,24,22.733974
AC0534_2M_sia.jpg,AC0534_2M_sia.svg,60,30,22.738889
GE0307_M.jpg,GE0307_M.svg,60,61,22.742350
AC0535_2L_sia.jpg,AC0535_2L_sia.svg,40,80,22.749688
GE0302_M.jpg,GE0302_M.svg,60,60,22.821944
z_113.jpg,z_113.svg,17,35,22.875630
GE9011_5M.jpg,GE9011_5M.svg,20,60,22.875833
AC0160_L.jpg,AC0160_L.svg,400,400,22.890144
z_111.jpg,z_111.svg,27,22,22.890572
GE0004_M.jpg,GE0004_M.svg,60,60,22.903056
AC0703_1_L.jpg,AC0703_1_L.svg,25,45,22.958222
AC0532_1S_sia.jpg,AC0532_1S_sia.svg,40,20,22.966250
b_ventilation1.jpg,b_ventilation1.svg,51,51,23.026144
AC0535_2M_sia.jpg,AC0535_2M_sia.svg,30,60,23.038889
AC0701_1_L.jpg,AC0701_1_L.svg,25,45,23.069333
z_270.jpg,z_270.svg,13,19,23.089069
GE1204_L.jpg,GE1204_L.svg,25,25,23.120000
AC0503_2L_sia.jpg,AC0503_2L_sia.svg,40,80,23.137187
AC0532_1L_sia.jpg,AC0532_1L_sia.svg,80,40,23.138437
AC0704_1_L.jpg,AC0704_1_L.svg,45,25,23.144889
GE0004_L.jpg,GE0004_L.svg,70,70,23.201837
GE1203_M.jpg,GE1203_M.svg,20,20,23.225000
GE0106_M.jpg,GE0106_M.svg,175,40,23.243000
GE9032_3S.jpg,GE9032_3S.svg,20,20,23.270000
AC0890_M.jpg,AC0890_M.svg,45,55,23.274343
SE0013.jpg,SE0013.svg,24,39,23.295940
DLG0012.JPG,DLG0012.svg,95,25,23.307368
AC0551_2_S.jpg,AC0551_2_S.svg,20,40,23.382500
GE1202_M.jpg,GE1202_M.svg,20,20,23.385000
AC0301_1L_sia.jpg,AC0301_1L_sia.svg,80,80,23.385313
GE0106_S.jpg,GE0106_S.svg,150,35,23.413714
GE9041_5S.jpg,GE9041_5S.svg,20,20,23.427500
GE9043_4S.jpg,GE9043_4S.svg,20,20,23.435000
GE0012_L.jpg,GE0012_L.svg,70,70,23.450000
weather01.jpg,weather01.svg,61,61,23.466273
SE0092.jpg,SE0092.svg,40,24,23.514583
GE9005_1S.jpg,GE9005_1S.svg,10,10,23.550000
AC0702_1_L.jpg,AC0702_1_L.svg,45,25,23.590222
GE9012_4M.jpg,GE9012_4M.svg,60,20,23.595000
GE9034_5S.jpg,GE9034_5S.svg,20,20,23.617500
AC0504_1S_sia.jpg,AC0504_1S_sia.svg,40,20,23.645000
AC0512_1_M.jpg,AC0512_1_M.svg,60,30,23.681111
GE9031_2S.jpg,GE9031_2S.svg,20,20,23.690000
GE9012_5M.jpg,GE9012_5M.svg,60,20,23.695000
GE9041_3S.jpg,GE9041_3S.svg,20,20,23.715000
GE9042_5M.jpg,GE9042_5M.svg,40,40,23.724375
GE0002_M.jpg,GE0002_M.svg,60,60,23.734167
AC0412_1.jpg,AC0412_1.svg,80,80,23.742344
GE0205_M.jpg,GE0205_M.svg,60,60,23.794722
GE9006_3M.jpg,GE9006_3M.svg,20,20,23.825000
z_287.jpg,z_287.svg,13,19,23.829960
GE0363.jpg,GE0363.svg,74,73,23.849870
AC0242_S.jpg,AC0242_S.svg,25,20,23.856000
AC0913_S.jpg,AC0913_S.svg,15,25,23.874667
AC0552_1_L.jpg,AC0552_1_L.svg,80,40,23.903750
b_info.jpg,b_info.svg,52,51,23.903846
GE0002_L.jpg,GE0002_L.svg,70,70,23.917347
AC0554_1_L.jpg,AC0554_1_L.svg,80,40,23.918750
bg_deco_norm.jpg,bg_deco_norm.svg,323,1200,23.992792
AC0531_2L_sia.jpg,AC0531_2L_sia.svg,40,80,24.069063
GE9006_2S.jpg,GE9006_2S.svg,10,10,24.070000
GE9014_4M.jpg,GE9014_4M.svg,60,20,24.072500
AC0502_1_S.jpg,AC0502_1_S.svg,40,20,24.080000
AC0933_S.jpg,AC0933_S.svg,15,25,24.106667
GE0205_L.jpg,GE0205_L.svg,70,70,24.118980
AC0883_M.jpg,AC0883_M.svg,20,35,24.201429
AC0541_1_L.jpg,AC0541_1_L.svg,40,40,24.226250
AC0411_1_S.jpg,AC0411_1_S.svg,20,20,24.247500
AC0542_1_L.jpg,AC0542_1_L.svg,40,40,24.253125
AC0504_1L_sia.jpg,AC0504_1L_sia.svg,80,40,24.291875
GE1203_L.jpg,GE1203_L.svg,25,25,24.312000
GE1404_M.jpg,GE1404_M.svg,35,25,24.326857
AC0922_L.jpg,AC0922_L.svg,45,25,24.352000
AC0553_1_M.jpg,AC0553_1_M.svg,30,60,24.370556
AC0932_S.jpg,AC0932_S.svg,25,15,24.384000
AC0244_S.jpg,AC0244_S.svg,25,20,24.390000
GE0035_L.jpg,GE0035_L.svg,70,70,24.444694
AC0VR2_AB_M.jpg,AC0VR2_AB_M.svg,60,30,24.493333
SH_VAV.jpg,SH_VAV.svg,60,30,24.493333
AC0512_1_L.jpg,AC0512_1_L.svg,80,40,24.531250
AC0701_1_M.jpg,AC0701_1_M.svg,20,35,24.538571
z_232.jpg,z_232.svg,34,12,24.539216
GE0102_S.jpg,GE0102_S.svg,150,35,24.557333
AC0836_S.jpg,AC0836_S.svg,15,25,24.570667
AC0501_1_S.jpg,AC0501_1_S.svg,20,40,24.613750
GE9012_3S.jpg,GE9012_3S.svg,30,10,24.650000
z_303.jpg,z_303.svg,19,13,24.655870
SE0014.jpg,SE0014.svg,40,26,24.702885
AC5050_S.jpg,AC5050_S.svg,100,95,24.735158
AC0911_S.jpg,AC0911_S.svg,15,25,24.768000
AC0702_1_M.jpg,AC0702_1_M.svg,35,20,24.791429
AC0502_M_sia.jpg,AC0502_M_sia.svg,60,30,24.812778
GE1204_S.jpg,GE1204_S.svg,15,15,24.866667
GE9041_4S.jpg,GE9041_4S.svg,20,20,24.975000
GE0042_L.jpg,GE0042_L.svg,70,70,24.980612
AC0554_1_M.jpg,AC0554_1_M.svg,60,30,25.009444
GE0042_M.jpg,GE0042_M.svg,60,60,25.051944
AC0542_1_S.jpg,AC0542_1_S.svg,20,20,25.115000
GE0102_M.jpg,GE0102_M.svg,175,40,25.115000
z_244.jpg,z_244.svg,28,11,25.133117
AC0724_S.jpg,AC0724_S.svg,25,15,25.189333
AC0512_1_S.jpg,AC0512_1_S.svg,40,20,25.198750
GE1203_S.jpg,GE1203_S.svg,15,15,25.208889
AC0153_S.jpg,AC0153_S.svg,65,110,25.226434
AC0934_S.jpg,AC0934_S.svg,25,15,25.274667
GE0205_S.jpg,GE0205_S.svg,50,50,25.335600
GE1402_M.jpg,GE1402_M.svg,35,25,25.339429
AC0243_S.jpg,AC0243_S.svg,20,25,25.376000
GE9006_4M.jpg,GE9006_4M.svg,20,20,25.380000
AC0537_1M_sia.jpg,AC0537_1M_sia.svg,30,60,25.406111
AC0831_S.jpg,AC0831_S.svg,15,25,25.421333
AC0884_S.jpg,AC0884_S.svg,25,15,25.448000
GE0035_S.jpg,GE0035_S.svg,50,50,25.450800
GE0016.jpg,GE0016.svg,71,72,25.484937
AC0882_S.jpg,AC0882_S.svg,25,15,25.493333
GE9012_4S.jpg,GE9012_4S.svg,30,10,25.530000
AC0552_1_M.jpg,AC0552_1_M.svg,60,30,25.571111
AR0140_2.jpg,AR0140_2.svg,40,40,25.576875
GE9012_1S.jpg,GE9012_1S.svg,30,10,25.590000
AC0832_S.jpg,AC0832_S.svg,25,15,25.594667
AR0061.jpg,AR0061.svg,33,45,25.619529
AC0541_1_S.jpg,AC0541_1_S.svg,20,20,25.635000
AC0160_S.jpg,AC0160_S.svg,110,110,25.700744
GE0042_S.jpg,GE0042_S.svg,50,50,25.708400
GE9014_3S.jpg,GE9014_3S.svg,30,10,25.723333
GE0305_S.jpg,GE0305_S.svg,50,50,25.744400
AC0837_S.jpg,AC0837_S.svg,25,15,25.813333
RepEin.jpg,RepEin.svg,20,20,25.837500
GE0305_M.jpg,GE0305_M.svg,60,60,25.858056
GE0043_L.jpg,GE0043_L.svg,35,35,25.875102
GE9011_3M.jpg,GE9011_3M.svg,20,60,25.878333
AC0931_L.jpg,AC0931_L.svg,25,45,25.933333
GE9033_5S.jpg,GE9033_5S.svg,20,20,25.942500
AC0412_1_S.jpg,AC0412_1_S.svg,20,20,25.945000
AC0413_1_S.jpg,AC0413_1_S.svg,20,20,25.965000
AC0414_1_S.jpg,AC0414_1_S.svg,20,20,25.965000
BackColorFullScreen.JPG,BackColorFullScreen.svg,20,20,26.000000
BackColorPopUp.JPG,BackColorPopUp.svg,20,20,26.000000
GE0305_L.jpg,GE0305_L.svg,70,70,26.026939
SE0090.jpg,SE0090.svg,25,25,26.072000
AC0704_1_S.jpg,AC0704_1_S.svg,25,15,26.098667
AC0412_M.jpg,AC0412_M.svg,30,30,26.130000
AC0931_M.jpg,AC0931_M.svg,20,35,26.142857
GE9042_4M.jpg,GE9042_4M.svg,40,40,26.161250
GE0361.jpg,GE0361.svg,73,73,26.170951
AC0931_S.jpg,AC0931_S.svg,15,25,26.194667
AC0839_S.jpg,AC0839_S.svg,25,15,26.248000
WorkFlow.JPG,WorkFlow.svg,979,770,26.270073
z_275.jpg,z_275.svg,13,19,26.291498
AC0881_L.jpg,AC0881_L.svg,25,45,26.395556
AC0414_M.jpg,AC0414_M.svg,30,30,26.414444
AC0153_M.jpg,AC0153_M.svg,135,230,26.423929
GE9005_3M.jpg,GE9005_3M.svg,20,20,26.425000
AC0537_L_sia.jpg,AC0537_L_sia.svg,40,80,26.426250
GE0351.jpg,GE0351.svg,75,75,26.470756
GE0105_L.jpg,GE0105_L.svg,215,50,26.549767
GE9014_4S.jpg,GE9014_4S.svg,30,10,26.640000
GE9024_5S.jpg,GE9024_5S.svg,30,10,26.646667
GE1404_S.jpg,GE1404_S.svg,30,20,26.653333
DLG0050.jpg,DLG0050.svg,20,20,26.665000
GE0365.jpg,GE0365.svg,73,74,26.665494
GE9022_5S.jpg,GE9022_5S.svg,30,10,26.713333
AC0026.jpg,AC0026.svg,35,111,26.715058
AC0403_2L_sia.jpg,AC0403_2L_sia.svg,40,40,26.735625
AC0411_M.jpg,AC0411_M.svg,30,30,26.738889
AC0241_S.jpg,AC0241_S.svg,20,25,26.748000
AC0537_S_sia.jpg,AC0537_S_sia.svg,20,40,26.751250
AR0024.jpg,AR0024.svg,52,33,26.782634
AC0714_1_M.jpg,AC0714_1_M.svg,35,20,26.794286
DLG0010_1.JPG,DLG0010_1.svg,90,25,26.803111
AC0833_S.jpg,AC0833_S.svg,15,25,26.842667
AC0703_1_M.jpg,AC0703_1_M.svg,20,35,26.844286
GE1402_L.jpg,GE1402_L.svg,45,30,26.872593
AC0413_M.jpg,AC0413_M.svg,30,30,26.878889
AC0702_1_S.jpg,AC0702_1_S.svg,25,15,26.882667
GE0035_M.jpg,GE0035_M.svg,60,60,26.899444
GE9002_4S.jpg,GE9002_4S.svg,60,10,26.913333
btn_hwater.jpg,btn_hwater.svg,345,81,26.991125
AC0404_2L_sia.jpg,AC0404_2L_sia.svg,40,40,26.994375
AR0063.jpg,AR0063.svg,33,45,27.037710
AC0422_1_S.jpg,AC0422_1_S.svg,20,20,27.100000
GE1000_S.jpg,GE1000_S.svg,20,20,27.115000
GE0034.jpg,GE0034.svg,28,37,27.155405
AC0153_L.jpg,AC0153_L.svg,235,400,27.176032
AC0402_2L_sia.jpg,AC0402_2L_sia.svg,40,40,27.178125
AC0413_S.jpg,AC0413_S.svg,20,20,27.190000
AR0023.jpg,AR0023.svg,33,52,27.228438
AC0714_1_L.jpg,AC0714_1_L.svg,45,25,27.237333
AC0934_L.jpg,AC0934_L.svg,45,25,27.244444
AC0025.jpg,AC0025.svg,35,111,27.250193
AC0883_S.jpg,AC0883_S.svg,15,25,27.250667
AC0531_1L_sia.jpg,AC0531_1L_sia.svg,40,80,27.274687
GE1402_S.jpg,GE1402_S.svg,30,20,27.283333
GE9002_5S.jpg,GE9002_5S.svg,60,10,27.300000
AC0912_S.jpg,AC0912_S.svg,25,15,27.304000
GE0015.jpg,GE0015.svg,33,33,27.313131
AC0863_M.jpg,AC0863_M.svg,20,35,27.338571
GE0360.jpg,GE0360.svg,73,74,27.345798
AC0412_S.jpg,AC0412_S.svg,20,20,27.372500
AC0923_S.jpg,AC0923_S.svg,15,25,27.400000
AC0701_1_S.jpg,AC0701_1_S.svg,15,25,27.485333
AR0062.jpg,AR0062.svg,46,33,27.525692
AC0502_1M_sia.jpg,AC0502_1M_sia.svg,60,30,27.527778
GE9031_5M.jpg,GE9031_5M.svg,40,40,27.546250
AC0221_S_sia.jpg,AC0221_S_sia.svg,20,30,27.548333
btn_clima.jpg,btn_clima.svg,345,81,27.558454
AC0713_1_L.jpg,AC0713_1_L.svg,25,45,27.572444
AC0423_1_S.jpg,AC0423_1_S.svg,20,20,27.590000
AC0711_1_L.jpg,AC0711_1_L.svg,25,45,27.602667
btn_heat.jpg,btn_heat.svg,345,81,27.654858
AC0712_1_L.jpg,AC0712_1_L.svg,45,25,27.672889
GE9034_3M.jpg,GE9034_3M.svg,40,40,27.681250
GE9031_3M.jpg,GE9031_3M.svg,40,40,27.698750
GE9011_4M.jpg,GE9011_4M.svg,20,60,27.761667
GE1404_L.jpg,GE1404_L.svg,45,30,27.784444
AC0922_S.jpg,AC0922_S.svg,25,15,27.797333
GE9002_3S.jpg,GE9002_3S.svg,60,10,27.800000
AC0535_1L_sia.jpg,AC0535_1L_sia.svg,40,80,27.802500
GE9013_5M.jpg,GE9013_5M.svg,20,60,27.835833
AR0064.jpg,AR0064.svg,46,33,27.839921
GE0012.jpg,GE0012.svg,29,31,27.852058
z_245.jpg,z_245.svg,28,11,27.909091
AR0022.jpg,AR0022.svg,52,33,27.913753
AC0414_S.jpg,AC0414_S.svg,20,20,27.920000
AC0864_S.jpg,AC0864_S.svg,25,15,27.930667
GE9044_5S.jpg,GE9044_5S.svg,20,20,28.012500
GE9034_4S.jpg,GE9034_4S.svg,20,20,28.050000
AC0864_L.jpg,AC0864_L.svg,45,25,28.088889
AC0130_M.jpg,AC0130_M.svg,30,60,28.111111
GE9014_5M.jpg,GE9014_5M.svg,60,20,28.117500
AC0863_S.jpg,AC0863_S.svg,15,25,28.136000
AC0923_M.jpg,AC0923_M.svg,20,35,28.158571
GE9031_6S.jpg,GE9031_6S.svg,20,20,28.190000
z_246.jpg,z_246.svg,28,11,28.253247
AC0538_1M_sia.jpg,AC0538_1M_sia.svg,60,30,28.257778
GE9032_3M.jpg,GE9032_3M.svg,40,40,28.336875
AC0843_S.jpg,AC0843_S.svg,15,25,28.365333
AC0501_1M_sia.jpg,AC0501_1M_sia.svg,30,60,28.399444
AC0554_1_S.jpg,AC0554_1_S.svg,40,20,28.438750
AC0503_1L_sia.jpg,AC0503_1L_sia.svg,40,80,28.472500
GE9013_1S.jpg,GE9013_1S.svg,10,30,28.483333
AC0050_S.jpg,AC0050_S.svg,30,80,28.495833
GE0012_M.jpg,GE0012_M.svg,60,60,28.520833
AC0243_M.jpg,AC0243_M.svg,30,40,28.530000
AC0242_M.jpg,AC0242_M.svg,40,30,28.539167
AC0847_L.jpg,AC0847_L.svg,45,25,28.544889
AC0724_1_M.jpg,AC0724_1_M.svg,35,20,28.551429
AR0021.jpg,AR0021.svg,33,51,28.565062
AC0020_S.jpg,AC0020_S.svg,30,80,28.567083
NAV0016.JPG,NAV0016.svg,45,30,28.601481
AC0222_S.jpg,AC0222_S.svg,30,20,28.616667
AC0711_1_M.jpg,AC0711_1_M.svg,20,35,28.641429
AC0244_M.jpg,AC0244_M.svg,40,30,28.645833
GE9024_3S.jpg,GE9024_3S.svg,30,10,28.653333
GE0017.jpg,GE0017.svg,72,72,28.702353
SE0123.jpg,SE0123.svg,24,39,28.740385
GE9022_3S.jpg,GE9022_3S.svg,30,10,28.786667
AC0533_1M_sia.jpg,AC0533_1M_sia.svg,30,60,28.793889
AC0223_S.jpg,AC0223_S.svg,20,30,28.823333
AC0703_1_S.jpg,AC0703_1_S.svg,15,25,28.826667
AC0884_L.jpg,AC0884_L.svg,45,25,28.854222
AC0839_M.jpg,AC0839_M.svg,35,20,28.871429
AC0536_M_sia.jpg,AC0536_M_sia.svg,60,30,28.880556
GE9031_4M.jpg,GE9031_4M.svg,40,40,28.909375
GE9001_4S.jpg,GE9001_4S.svg,10,60,28.913333
AC0834_S.jpg,AC0834_S.svg,25,15,28.938667
GE9024_3M.jpg,GE9024_3M.svg,60,20,28.943333
AC0424_1_S.jpg,AC0424_1_S.svg,20,20,28.975000
GE9012_2S.jpg,GE9012_2S.svg,30,10,28.996667
AC0421_1_S.jpg,AC0421_1_S.svg,20,20,29.042500
GE0304_M.jpg,GE0304_M.svg,60,60,29.091944
NAV0015.JPG,NAV0015.svg,45,30,29.099259
GE0304_S.jpg,GE0304_S.svg,50,50,29.101200
AC0411_S.jpg,AC0411_S.svg,20,20,29.115000
AC0881_S.jpg,AC0881_S.svg,15,25,29.133333
GE9005_5M.jpg,GE9005_5M.svg,20,20,29.135000
AC0414_L.jpg,AC0414_L.svg,40,40,29.198750
z_273.jpg,z_273.svg,13,19,29.214575
AC0552_1_S.jpg,AC0552_1_S.svg,40,20,29.220000
GE9033_4S.jpg,GE9033_4S.svg,20,20,29.230000
SE0011.jpg,SE0011.svg,24,38,29.233553
GE9022_3M.jpg,GE9022_3M.svg,60,20,29.239167
GE0102_L.jpg,GE0102_L.svg,215,50,29.256372
AC0921_L.jpg,AC0921_L.svg,25,45,29.282667
GE0106_L.jpg,GE0106_L.svg,215,50,29.323163
GE9005_2S.jpg,GE9005_2S.svg,10,10,29.370000
AC0534_1M_sia.jpg,AC0534_1M_sia.svg,60,30,29.411667
AC0202_S_sia.jpg,AC0202_S_sia.svg,25,20,29.426000
AC0203_S_sia.jpg,AC0203_S_sia.svg,20,25,29.474000
b_trend_his.jpg,b_trend_his.svg,51,51,29.483276
AC0533_L_sia.jpg,AC0533_L_sia.svg,40,80,29.490000
GE9034_5M.jpg,GE9034_5M.svg,40,40,29.533750
AC0401_2L_sia.jpg,AC0401_2L_sia.svg,40,40,29.541875
AC0882_M.jpg,AC0882_M.svg,35,20,29.545714
AC5050_M.jpg,AC5050_M.svg,150,140,29.571476
GE0105_M.jpg,GE0105_M.svg,175,40,29.582000
GE9022_1S.jpg,GE9022_1S.svg,30,10,29.600000
AC0222_S_sia.jpg,AC0222_S_sia.svg,30,20,29.625000
AC0204_1.jpg,AC0204_1.svg,50,50,29.627200
AC0404_2M_sia.jpg,AC0404_2M_sia.svg,30,30,29.627778
AC0130_S.jpg,AC0130_S.svg,20,40,29.667500
AC0723_1_L.jpg,AC0723_1_L.svg,25,45,29.693333
AC0723_S.jpg,AC0723_S.svg,15,25,29.701333
AC0914_L.jpg,AC0914_L.svg,45,25,29.720000
GE9024_4S.jpg,GE9024_4S.svg,30,10,29.806667
GE0105_S.jpg,GE0105_S.svg,150,35,29.842476
AC0722_1_L.jpg,AC0722_1_L.svg,45,25,29.846222
AC0222_M_sia.jpg,AC0222_M_sia.svg,45,30,29.853333
btn_start.jpg,btn_start.svg,345,81,29.865915
AC0712_1_M.jpg,AC0712_1_M.svg,35,20,29.875714
GE0364.jpg,GE0364.svg,73,73,29.908989
AC0912_L.jpg,AC0912_L.svg,45,25,29.917333
AC0204_S_sia.jpg,AC0204_S_sia.svg,25,20,29.936000
GE9022_4S.jpg,GE9022_4S.svg,30,10,29.973333
AC0221_S.jpg,AC0221_S.svg,20,30,29.978333
AC0834_L.jpg,AC0834_L.svg,45,25,29.982222
AC0241_M.jpg,AC0241_M.svg,30,40,29.983333
AC1002_S.jpg,AC1002_S.svg,25,15,29.994667
GE0344.jpg,GE0344.svg,81,81,30.018595
AC0924_L.jpg,AC0924_L.svg,45,25,30.024000
AC0403_2M_sia.jpg,AC0403_2M_sia.svg,30,30,30.045556
GE9044_4S.jpg,GE9044_4S.svg,20,20,30.050000
AC0402_2M_sia.jpg,AC0402_2M_sia.svg,30,30,30.055556
AC0551_1_M.jpg,AC0551_1_M.svg,30,60,30.075556
GE0110_L.jpg,GE0110_L.svg,215,50,30.096279
GE0022_1_S.jpg,GE0022_1_S.svg,50,50,30.100000
GE9034_4M.jpg,GE9034_4M.svg,40,40,30.117500
AC0724_1_L.jpg,AC0724_1_L.svg,45,25,30.132444
SE0101.jpg,SE0101.svg,24,39,30.135684
AC0223_S_sia.jpg,AC0223_S_sia.svg,20,30,30.188333
z_230.jpg,z_230.svg,34,12,30.232843
AC0411_L.jpg,AC0411_L.svg,40,40,30.320000
z_203.jpg,z_203.svg,68,6,30.343137
AC0243_L.jpg,AC0243_L.svg,50,65,30.385538
AC0837_L.jpg,AC0837_L.svg,45,25,30.398222
GE0104_S.jpg,GE0104_S.svg,150,35,30.402095
AC0721_1_L.jpg,AC0721_1_L.svg,25,45,30.424889
AC0812_L.jpg,AC0812_L.svg,45,25,30.431111
NAV0014.JPG,NAV0014.svg,45,30,30.448889
GE9006_5M.jpg,GE9006_5M.svg,20,20,30.460000
AC0733_1_L.jpg,AC0733_1_L.svg,25,45,30.514667
AC0862_S.jpg,AC0862_S.svg,25,15,30.517333
GE0032_L.jpg,GE0032_L.svg,70,70,30.517551
GE1202_S.jpg,GE1202_S.svg,15,15,30.520000
AC0553_1_S.jpg,AC0553_1_S.svg,20,40,30.543750
AC0732_1_L.jpg,AC0732_1_L.svg,45,25,30.544889
AC0812_M.jpg,AC0812_M.svg,35,20,30.547143
AC0242_L.jpg,AC0242_L.svg,65,50,30.596308
AC0413_L.jpg,AC0413_L.svg,40,40,30.612500
AC5030_S.jpg,AC5030_S.svg,150,125,30.639200
AC0846_S.jpg,AC0846_S.svg,15,25,30.648000
AC0847_S.jpg,AC0847_S.svg,25,15,30.664000
GE0016_M.jpg,GE0016_M.svg,25,25,30.665600
AC0421_M.jpg,AC0421_M.svg,30,30,30.672222
GE0104_L.jpg,GE0104_L.svg,215,50,30.674512
GE0104_M.jpg,GE0104_M.svg,175,40,30.688714
AC0422_S.jpg,AC0422_S.svg,20,20,30.690000
AC0913_L.jpg,AC0913_L.svg,25,45,30.690667
AC0832_L.jpg,AC0832_L.svg,45,25,30.718222
GE0012_S.jpg,GE0012_S.svg,50,50,30.727600
GE0022_1_M.jpg,GE0022_1_M.svg,60,60,30.731389
GE0304_L.jpg,GE0304_L.svg,70,70,30.743469
GE9005_4M.jpg,GE9005_4M.svg,20,20,30.812500
GE9042_1M.jpg,GE9042_1M.svg,40,40,30.825000
AC0833_M.jpg,AC0833_M.svg,20,35,30.830000
AC0839_L.jpg,AC0839_L.svg,45,25,30.851556
z_285.jpg,z_285.svg,13,19,30.931174
AC0244_L.jpg,AC0244_L.svg,65,50,30.946769
AC0203_S.jpg,AC0203_S.svg,20,25,30.950000
AC0201_S_sia.jpg,AC0201_S_sia.svg,20,25,30.972000
AC0843_M.jpg,AC0843_M.svg,20,35,30.984286
AC0421_S.jpg,AC0421_S.svg,20,20,30.995000
GE9001_5S.jpg,GE9001_5S.svg,10,60,31.005000
AC0401_2M_sia.jpg,AC0401_2M_sia.svg,30,30,31.026667
AC0721_1_M.jpg,AC0721_1_M.svg,20,35,31.037143
AC0932_L.jpg,AC0932_L.svg,45,25,31.064889
AC0838_L.jpg,AC0838_L.svg,25,45,31.067556
GE0032_S.jpg,GE0032_S.svg,50,50,31.075600
GE0011_S.jpg,GE0011_S.svg,50,50,31.091200
SE0124.jpg,SE0124.svg,40,25,31.097000
GE9022_4M.jpg,GE9022_4M.svg,60,20,31.132500
AC0732_1_M.jpg,AC0732_1_M.svg,35,20,31.168571
AC0202_S.jpg,AC0202_S.svg,25,20,31.170000
z_271.jpg,z_271.svg,13,19,31.174089
AC0731_1_L.jpg,AC0731_1_L.svg,25,45,31.183111
AC0849_M.jpg,AC0849_M.svg,35,20,31.188571
AC0711_1_S.jpg,AC0711_1_S.svg,15,25,31.197333
GE9033_3M.jpg,GE9033_3M.svg,40,40,31.201250
AC0403_2_L.jpg,AC0403_2_L.svg,40,40,31.249375
AC1002_L.jpg,AC1002_L.svg,45,25,31.285333
GE0022_1_L.jpg,GE0022_1_L.svg,70,70,31.295714
GE9013_3M.jpg,GE9013_3M.svg,20,60,31.303333
GE0032_M.jpg,GE0032_M.svg,60,60,31.331667
GE9023_5M.jpg,GE9023_5M.svg,20,60,31.337500
AC0714_1_S.jpg,AC0714_1_S.svg,25,15,31.344000
GE9032_4M.jpg,GE9032_4M.svg,40,40,31.344375
z_200.jpg,z_200.svg,68,6,31.348039
AC0833_L.jpg,AC0833_L.svg,25,45,31.371556
AC0924_S.jpg,AC0924_S.svg,25,15,31.432000
AC0734_1_M.jpg,AC0734_1_M.svg,35,20,31.451429
btn_sett.jpg,btn_sett.svg,345,81,31.474396
GE9001_3S.jpg,GE9001_3S.svg,10,60,31.505000
AC0241_L.jpg,AC0241_L.svg,50,65,31.518462
z_228.jpg,z_228.svg,34,12,31.531863
AC0849_S.jpg,AC0849_S.svg,25,15,31.536000
AC0844_S.jpg,AC0844_S.svg,25,15,31.544000
AC5030_M.jpg,AC5030_M.svg,240,200,31.549979
AC0713_1_M.jpg,AC0713_1_M.svg,20,35,31.565714
AC0301_S.jpg,AC0301_S.svg,40,40,31.580000
z_299.jpg,z_299.svg,19,14,31.590226
AC0222_L_sia.jpg,AC0222_L_sia.svg,75,50,31.603200
AC1003_L.jpg,AC1003_L.svg,25,45,31.622222
AC0890_L.jpg,AC0890_L.svg,60,75,31.637333
AC0813_L.jpg,AC0813_L.svg,25,45,31.663111
AC0423_M.jpg,AC0423_M.svg,30,30,31.672222
AC0712_1_S.jpg,AC0712_1_S.svg,25,15,31.690667
AC0834_M.jpg,AC0834_M.svg,35,20,31.704286
GE9014_1S.jpg,GE9014_1S.svg,30,10,31.706667
AC0932_M.jpg,AC0932_M.svg,35,20,31.717143
b_trend.jpg,b_trend.svg,51,51,31.747789
AC0713_1_S.jpg,AC0713_1_S.svg,15,25,31.765333
AC0252_2.jpg,AC0252_2.svg,31,31,31.775234
AC0842_M.jpg,AC0842_M.svg,35,20,31.788571
AC0722_1_M.jpg,AC0722_1_M.svg,35,20,31.801429
HC0010.JPG,HC0010.svg,83,56,31.813468
z_204.jpg,z_204.svg,68,6,31.813725
GE9032_1S.jpg,GE9032_1S.svg,20,20,31.845000
AC0722_M.jpg,AC0722_M.svg,35,20,31.861429
AC0204_S.jpg,AC0204_S.svg,25,20,31.866000
AC0531_M_sia.jpg,AC0531_M_sia.svg,30,60,31.871111
AC0402_2_L.jpg,AC0402_2_L.svg,40,40,31.914375
AC0551_1_S.jpg,AC0551_1_S.svg,20,40,31.917500
AC0224_S_sia.jpg,AC0224_S_sia.svg,30,20,31.926667
AC0224_S.jpg,AC0224_S.svg,30,20,31.936667
AC0702_M.jpg,AC0702_M.svg,35,20,31.942857
L79x_T.jpg,L79x_T.svg,100,67,32.024925
AC0222_M.jpg,AC0222_M.svg,45,30,32.068148
AC0814_L.jpg,AC0814_L.svg,45,25,32.072889
GE9032_5M.jpg,GE9032_5M.svg,40,40,32.078750
AC0423_S.jpg,AC0423_S.svg,20,20,32.087500
AC0424_S.jpg,AC0424_S.svg,20,20,32.102500
GE9033_5M.jpg,GE9033_5M.svg,40,40,32.186250
AC0847_M.jpg,AC0847_M.svg,35,20,32.195714
GE9024_1S.jpg,GE9024_1S.svg,30,10,32.203333
AC0304_S.jpg,AC0304_S.svg,40,40,32.233750
AC0841_S.jpg,AC0841_S.svg,15,25,32.274667
GE0108_M.jpg,GE0108_M.svg,175,40,32.276286
AC0253.jpg,AC0253.svg,31,31,32.286160
AC0303_S.jpg,AC0303_S.svg,40,40,32.306875
AC0221_M.jpg,AC0221_M.svg,30,45,32.321481
AC0734_1_L.jpg,AC0734_1_L.svg,45,25,32.352000
GE9005_6S.jpg,GE9005_6S.svg,10,10,32.360000
AC0811_L.jpg,AC0811_L.svg,25,45,32.374222
AC0223_L.jpg,AC0223_L.svg,50,75,32.400000
AC0837_M.jpg,AC0837_M.svg,35,20,32.408571
z_210.jpg,z_210.svg,6,68,32.409314
L79x_TSP.jpg,L79x_TSP.svg,100,67,32.471194
AC0846_M.jpg,AC0846_M.svg,20,35,32.481429
AC0831_L.jpg,AC0831_L.svg,25,45,32.507556
AC0914_S.jpg,AC0914_S.svg,25,15,32.512000
AC0522_S.jpg,AC0522_S.svg,40,20,32.513750
AC0862_L.jpg,AC0862_L.svg,45,25,32.558222
AC0221_M_sia.jpg,AC0221_M_sia.svg,30,45,32.576296
GE9012_6S.jpg,GE9012_6S.svg,30,10,32.580000
AC0223_M.jpg,AC0223_M.svg,30,45,32.586667
GE9006_1S.jpg,GE9006_1S.svg,10,10,32.600000
AR0140_1.jpg,AR0140_1.svg,40,40,32.611250
GE0013_L.jpg,GE0013_L.svg,70,70,32.658367
SE0113.jpg,SE0113.svg,24,39,32.698718
AC0832_M.jpg,AC0832_M.svg,35,20,32.741429
GE0108_S.jpg,GE0108_S.svg,150,35,32.746667
AC0723_1_S.jpg,AC0723_1_S.svg,15,25,32.752000
AC0402_2_M.jpg,AC0402_2_M.svg,30,30,32.795556
AC0403_2_M.jpg,AC0403_2_M.svg,30,30,32.802222
AC0222_L.jpg,AC0222_L.svg,75,50,32.805067
NAV0012.JPG,NAV0012.svg,45,30,32.814074
AC0882_L.jpg,AC0882_L.svg,45,25,32.820444
AC0224_M_sia.jpg,AC0224_M_sia.svg,45,30,32.843704
AC0223_M_sia.jpg,AC0223_M_sia.svg,30,45,32.848148
AC0302_S.jpg,AC0302_S.svg,40,40,32.858750
AC0813_M.jpg,AC0813_M.svg,20,35,32.864286
AC0253_2.jpg,AC0253_2.svg,31,31,32.881374
AC0844_L.jpg,AC0844_L.svg,45,25,32.890667
AC0933_L.jpg,AC0933_L.svg,25,45,32.904889
GE0108_L.jpg,GE0108_L.svg,215,50,32.960930
GE9005_6M.jpg,GE9005_6M.svg,20,20,33.005000
SE0112.jpg,SE0112.svg,40,25,33.094000
GE9043_5M.jpg,GE9043_5M.svg,40,40,33.120625
SE0103.jpg,SE0103.svg,24,39,33.143162
AC0724_1_S.jpg,AC0724_1_S.svg,25,15,33.152000
AC0402_2S_sia.jpg,AC0402_2S_sia.svg,20,20,33.212500
AC0712_M.jpg,AC0712_M.svg,35,20,33.231429
AC0201_S.jpg,AC0201_S.svg,20,25,33.308000
GE0204_M.jpg,GE0204_M.svg,60,60,33.333333
GE1410_M.jpg,GE1410_M.svg,20,20,33.350000
AC0924_M.jpg,AC0924_M.svg,35,20,33.351429
AC0844_M.jpg,AC0844_M.svg,35,20,33.377143
AC0861_S.jpg,AC0861_S.svg,15,25,33.389333
AC0722_1_S.jpg,AC0722_1_S.svg,25,15,33.392000
GE9043_1M.jpg,GE9043_1M.svg,40,40,33.398125
AC0733_L.jpg,AC0733_L.svg,25,45,33.418667
AC0421_L.jpg,AC0421_L.svg,40,40,33.440000
AC0922_M.jpg,AC0922_M.svg,35,20,33.467143
AC0848_M.jpg,AC0848_M.svg,20,35,33.474286
AC0731_1_M.jpg,AC0731_1_M.svg,20,35,33.511429
AC0221_L.jpg,AC0221_L.svg,50,75,33.563467
z_257.jpg,z_257.svg,19,14,33.567669
AC1004_S.jpg,AC1004_S.svg,25,15,33.573333
AC0723_M.jpg,AC0723_M.svg,20,35,33.592857
z_209.jpg,z_209.svg,6,68,33.593137
GE9043_3M.jpg,GE9043_3M.svg,40,40,33.603750
AC0934_M.jpg,AC0934_M.svg,35,20,33.632857
AC0404_2_L.jpg,AC0404_2_L.svg,40,40,33.672500
GE9013_4M.jpg,GE9013_4M.svg,20,60,33.690833
GE1003_S.jpg,GE1003_S.svg,20,20,33.710000
GE1000_M.jpg,GE1000_M.svg,25,25,33.776000
AC0512_M.jpg,AC0512_M.svg,60,30,33.778333
GE1003_L.jpg,GE1003_L.svg,30,30,33.781111
GE0011_M.jpg,GE0011_M.svg,60,60,33.782222
AC0404_2S_sia.jpg,AC0404_2S_sia.svg,20,20,33.810000
AC0511_S.jpg,AC0511_S.svg,20,40,33.811250
AC0573_S.jpg,AC0573_S.svg,40,20,33.820000
GE0014_S.jpg,GE0014_S.svg,50,50,33.852400
AC0733_1_M.jpg,AC0733_1_M.svg,20,35,33.855714
AC0401_2S_sia.jpg,AC0401_2S_sia.svg,20,20,33.857500
b_trend_online.jpg,b_trend_online.svg,51,51,33.888504
AC0713_M.jpg,AC0713_M.svg,20,35,33.911429
AC0923_L.jpg,AC0923_L.svg,25,45,33.944000
AC0403_2S_sia.jpg,AC0403_2S_sia.svg,20,20,33.982500
AC0723_1_M.jpg,AC0723_1_M.svg,20,35,34.010000
AC5050_L.jpg,AC5050_L.svg,225,210,34.017841
GE9014_2S.jpg,GE9014_2S.svg,30,10,34.020000
GE1003_M.jpg,GE1003_M.svg,25,25,34.025600
GE0107_M.jpg,GE0107_M.svg,175,40,34.028571
b_settings.jpg,b_settings.svg,51,52,34.031674
AC0734_1_S.jpg,AC0734_1_S.svg,25,15,34.082667
AC0836_M.jpg,AC0836_M.svg,20,35,34.094286
AC0254_2.jpg,AC0254_2.svg,31,31,34.094693
GE9044_2S.jpg,GE9044_2S.svg,20,20,34.165000
AR0081.jpg,AR0081.svg,33,45,34.235690
GE9033_4M.jpg,GE9033_4M.svg,40,40,34.255625
AC0703_M.jpg,AC0703_M.svg,20,35,34.285714
GE9041_4M.jpg,GE9041_4M.svg,40,40,34.293750
AR0043.jpg,AR0043.svg,33,53,34.331046
AC0733_1_S.jpg,AC0733_1_S.svg,15,25,34.333333
AC0721_1_S.jpg,AC0721_1_S.svg,15,25,34.370667
AC0020_M.jpg,AC0020_M.svg,30,110,34.406667
AC0734_S.jpg,AC0734_S.svg,25,15,34.440000
GE0362.jpg,GE0362.svg,74,74,34.451242
AC0841_M.jpg,AC0841_M.svg,20,35,34.467143
AC5030_L.jpg,AC5030_L.svg,310,260,34.473486
AC0863_L.jpg,AC0863_L.svg,25,45,34.543111
GE9034_1M.jpg,GE9034_1M.svg,40,40,34.568125
AC0401_2_L.jpg,AC0401_2_L.svg,40,40,34.635000
AC0271.jpg,AC0271.svg,40,40,34.652500
AC0254.jpg,AC0254.svg,31,31,34.775234
AC0721_S.jpg,AC0721_S.svg,15,25,34.810667
AC0521_S.jpg,AC0521_S.svg,20,40,34.817500
L60x_T.jpg,L60x_T.svg,100,100,34.820700
AC0251_2.jpg,AC0251_2.svg,31,31,34.824142
z_242.jpg,z_242.svg,28,11,34.840909
AC0424_M.jpg,AC0424_M.svg,30,30,34.841111
GE9021_5M.jpg,GE9021_5M.svg,20,60,34.841667
GE0030.jpg,GE0030.svg,45,44,34.862121
AC0842_L.jpg,AC0842_L.svg,45,25,34.896889
AC0050_M.jpg,AC0050_M.svg,30,110,34.932121
AC0202.jpg,AC0202.svg,50,50,34.942800
AC0252.jpg,AC0252.svg,31,31,34.962539
GE0013_M.jpg,GE0013_M.svg,60,60,34.965556
SE0100.jpg,SE0100.svg,25,25,34.968000
AC0732_1_S.jpg,AC0732_1_S.svg,25,15,34.976000
GE0204_L.jpg,GE0204_L.svg,70,70,34.980000
AC0861_M.jpg,AC0861_M.svg,20,35,34.998571
AC0921_S.jpg,AC0921_S.svg,15,25,35.026667
GE1000_L.jpg,GE1000_L.svg,30,30,35.027778
AC0130_L.jpg,AC0130_L.svg,40,80,35.033125
GE0011_L.jpg,GE0011_L.svg,70,70,35.082245
GE9042_4S.jpg,GE9042_4S.svg,20,20,35.085000
AC0422_M.jpg,AC0422_M.svg,30,30,35.104444
AC0224_L_sia.jpg,AC0224_L_sia.svg,75,50,35.112800
GE9041_5M.jpg,GE9041_5M.svg,40,40,35.128125
GE9022_5M.jpg,GE9022_5M.svg,60,20,35.129167
AC5000_S.jpg,AC5000_S.svg,60,40,35.143333
AC0221_L_sia.jpg,AC0221_L_sia.svg,50,75,35.190933
AC0838_S.jpg,AC0838_S.svg,15,25,35.192000
AC0731_S.jpg,AC0731_S.svg,15,25,35.264000
AC0401_S_sia.jpg,AC0401_S_sia.svg,20,20,35.272500
GE0107_S.jpg,GE0107_S.svg,150,35,35.288952
AC0912_M.jpg,AC0912_M.svg,35,20,35.290000
AC1002_M.jpg,AC1002_M.svg,35,20,35.290000
AC0848_S.jpg,AC0848_S.svg,15,25,35.296000
btn_sanitary.jpg,btn_sanitary.svg,345,81,35.309823
GE9044_1M.jpg,GE9044_1M.svg,40,40,35.313125
z_234.jpg,z_234.svg,34,12,35.330882
AC0223_L_sia.jpg,AC0223_L_sia.svg,50,75,35.330933
AC1003_S.jpg,AC1003_S.svg,15,25,35.352000
AC0403_2_S.jpg,AC0403_2_S.svg,20,20,35.405000
z_286.jpg,z_286.svg,13,19,35.441296
AC0724_M.jpg,AC0724_M.svg,35,20,35.454286
AC0224_M.jpg,AC0224_M.svg,45,30,35.531111
AC0404_2_M.jpg,AC0404_2_M.svg,30,30,35.541111
AC0401_2_M.jpg,AC0401_2_M.svg,30,30,35.551111
AR0083.jpg,AR0083.svg,33,46,35.552701
AC0211_M.jpg,AC0211_M.svg,30,40,35.575000
GE9011_1S.jpg,GE9011_1S.svg,10,30,35.606667
AC0930_S.jpg,AC0930_S.svg,15,15,35.622222
z_262.jpg,z_262.svg,19,13,35.773279
AC0862_M.jpg,AC0862_M.svg,35,20,35.797143
GE9012_1M.jpg,GE9012_1M.svg,60,20,35.847500
GE0043_S.jpg,GE0043_S.svg,25,25,35.848000
GE0043_M.jpg,GE0043_M.svg,30,30,35.931111
AC0731_1_S.jpg,AC0731_1_S.svg,15,25,36.010667
GE9023_3M.jpg,GE9023_3M.svg,20,60,36.053333
AC0522_M.jpg,AC0522_M.svg,60,30,36.063333
AC0848_L.jpg,AC0848_L.svg,25,45,36.096000
AC0811_M.jpg,AC0811_M.svg,20,35,36.114286
AC0202_M_sia.jpg,AC0202_M_sia.svg,40,30,36.154167
AC1001_S.jpg,AC1001_S.svg,15,25,36.160000
GE0107_L.jpg,GE0107_L.svg,215,50,36.206512
AC0402_2_S.jpg,AC0402_2_S.svg,20,20,36.232500
GE0110_M.jpg,GE0110_M.svg,175,40,36.289429
L60x_TSP.jpg,L60x_TSP.svg,100,100,36.326000
AC0841_L.jpg,AC0841_L.svg,25,45,36.328889
GE9035_2S.jpg,GE9035_2S.svg,20,20,36.365000
GE9013_2S.jpg,GE9013_2S.svg,10,30,36.370000
AC0883_L.jpg,AC0883_L.svg,25,45,36.393778
AC0403_L_sia.jpg,AC0403_L_sia.svg,40,40,36.416250
AR0102.jpg,AR0102.svg,40,25,36.421000
GE0032.jpg,GE0032.svg,45,44,36.422727
AC0512_S.jpg,AC0512_S.svg,40,20,36.423750
SE0102.jpg,SE0102.svg,40,24,36.444792
AC0211_S.jpg,AC0211_S.svg,20,25,36.460000
AC0562_sia_S.jpg,AC0562_sia_S.svg,40,20,36.506250
AC0203_M_sia.jpg,AC0203_M_sia.svg,30,40,36.509167
AC0401_L_sia.jpg,AC0401_L_sia.svg,40,40,36.516875
AC0554_M.jpg,AC0554_M.svg,60,30,36.556667
GE0033.jpg,GE0033.svg,45,46,36.595169
AC0561_sia_S.jpg,AC0561_sia_S.svg,20,40,36.601250
AC0921_M.jpg,AC0921_M.svg,20,35,36.607143
DLG0042.jpg,DLG0042.svg,30,25,36.617333
AC5000_S_KH.jpg,AC5000_S_KH.svg,57,40,36.635526
L60x_TS.jpg,L60x_TS.svg,100,100,36.671100
AC0911_M.jpg,AC0911_M.svg,20,35,36.675714
AC0404_L_sia.jpg,AC0404_L_sia.svg,40,40,36.708125
GE0031.jpg,GE0031.svg,45,46,36.722705
AC0403_S_sia.jpg,AC0403_S_sia.svg,20,20,36.727500
AC0202_M.jpg,AC0202_M.svg,40,30,36.742500
GE9023_1S.jpg,GE9023_1S.svg,10,30,36.763333
AC0231_S.jpg,AC0231_S.svg,20,30,36.811667
AC0202_L_sia.jpg,AC0202_L_sia.svg,65,50,36.813846
SE0121.jpg,SE0121.svg,24,38,36.851974
AC0838_M.jpg,AC0838_M.svg,20,35,36.874286
AC0402_L_sia.jpg,AC0402_L_sia.svg,40,40,36.946875
AC1004_L.jpg,AC1004_L.svg,45,25,36.951111
AC0573_M.jpg,AC0573_M.svg,60,30,36.961111
AC0870_M.jpg,AC0870_M.svg,20,20,36.970000
AC0401_2_S.jpg,AC0401_2_S.svg,20,20,37.032500
AC0704_M.jpg,AC0704_M.svg,35,20,37.071429
AC0203_M.jpg,AC0203_M.svg,30,40,37.090833
AC0554_S.jpg,AC0554_S.svg,40,20,37.112500
AC0204.jpg,AC0204.svg,50,50,37.122800
AR0101.jpg,AR0101.svg,24,38,37.129386
AC0884_M.jpg,AC0884_M.svg,35,20,37.134286
GE9024_5M.jpg,GE9024_5M.svg,60,20,37.136667
AC0843_L.jpg,AC0843_L.svg,25,45,37.170667
z_211.jpg,z_211.svg,6,68,37.176471
AC0150.jpg,AC0150.svg,40,80,37.190312
AC0553_S.jpg,AC0553_S.svg,20,40,37.251250
AC0201_L_sia.jpg,AC0201_L_sia.svg,50,65,37.283692
AC0251.jpg,AC0251.svg,31,31,37.287201
AC0204_M_sia.jpg,AC0204_M_sia.svg,40,30,37.299167
AC0551_M.jpg,AC0551_M.svg,30,60,37.304444
AC0404_2_S.jpg,AC0404_2_S.svg,20,20,37.340000
AC1003_M.jpg,AC1003_M.svg,20,35,37.365714
GE0111_L.jpg,GE0111_L.svg,215,50,37.398791
AC0933_M.jpg,AC0933_M.svg,20,35,37.418571
AC0201_M_sia.jpg,AC0201_M_sia.svg,30,40,37.430833
GE9014_1M.jpg,GE9014_1M.svg,60,20,37.449167
GE0014_L.jpg,GE0014_L.svg,70,70,37.463469
AC0204_L_sia.jpg,AC0204_L_sia.svg,65,50,37.480615
AC0401_M_sia.jpg,AC0401_M_sia.svg,30,30,37.516667
weather03.jpg,weather03.svg,61,61,37.526471
AC0204_M.jpg,AC0204_M.svg,40,30,37.542500
AC0711_M.jpg,AC0711_M.svg,20,35,37.545714
LOGO.JPG,LOGO.svg,580,519,37.564843
GE0014_M.jpg,GE0014_M.svg,60,60,37.611944
GE0111_M.jpg,GE0111_M.svg,175,40,37.614286
AC1004_M.jpg,AC1004_M.svg,35,20,37.628571
b_language.jpg,b_language.svg,51,51,37.661669
AC0151_L.jpg,AC0151_L.svg,80,400,37.673594
AC0800_S.jpg,AC0800_S.svg,15,15,37.688889
z_258.jpg,z_258.svg,19,14,37.729323
AR0042.jpg,AR0042.svg,52,33,37.741259
AC0212_S.jpg,AC0212_S.svg,25,20,37.750000
AC0721_M.jpg,AC0721_M.svg,20,35,37.755714
AC0402.jpg,AC0402.svg,60,60,37.804167
AC0201.jpg,AC0201.svg,50,50,37.821600
AC0864_M.jpg,AC0864_M.svg,35,20,37.885714
GE0111_S.jpg,GE0111_S.svg,150,35,37.900952
GE9033_1S.jpg,GE9033_1S.svg,20,20,37.907500
GE0301.jpg,GE0301.svg,75,75,37.923556
z_276.jpg,z_276.svg,13,19,37.951417
SE0012.jpg,SE0012.svg,39,26,37.972387
z_290.jpg,z_290.svg,13,19,37.975709
L79x_LCD.jpg,L79x_LCD.svg,100,67,37.977463
AC0552_M.jpg,AC0552_M.svg,60,30,37.996667
AC0552_S.jpg,AC0552_S.svg,40,20,38.016250
AC0224_L.jpg,AC0224_L.svg,75,50,38.045867
AC0402_M_sia.jpg,AC0402_M_sia.svg,30,30,38.061111
AC0211.jpg,AC0211.svg,60,60,38.075000
NAV0018.JPG,NAV0018.svg,45,30,38.201481
AC0403_M_sia.jpg,AC0403_M_sia.svg,30,30,38.324444
AC0849_L.jpg,AC0849_L.svg,45,25,38.376889
AC0160.JPG,AC0160.svg,110,60,38.389242
AC0714_L.jpg,AC0714_L.svg,45,25,38.437333
SE0111.jpg,SE0111.svg,24,38,38.441886
GE9034_1S.jpg,GE9034_1S.svg,20,20,38.500000
AC0203_L.jpg,AC0203_L.svg,50,65,38.519692
AC0424_L.jpg,AC0424_L.svg,40,40,38.530625
AC0573_L.jpg,AC0573_L.svg,80,40,38.539687
AC0714_M.jpg,AC0714_M.svg,35,20,38.541429
GE9044_4M.jpg,GE9044_4M.svg,40,40,38.556875
AC0151_M.jpg,AC0151_M.svg,50,230,38.581304
AR0103.jpg,AR0103.svg,24,39,38.613248
AC0521_M.jpg,AC0521_M.svg,30,60,38.626111
AC0201_M.jpg,AC0201_M.svg,30,40,38.634167
AC0202_L.jpg,AC0202_L.svg,65,50,38.648308
AC110_1_M.jpg,AC110_1_M.svg,30,60,38.691667
GE9041_1M.jpg,GE9041_1M.svg,40,40,38.698750
GE9012_2M.jpg,GE9012_2M.svg,60,20,38.715000
AC5010_M.jpg,AC5010_M.svg,105,200,38.781143
AR0044.jpg,AR0044.svg,52,33,38.791958
AC0551_S.jpg,AC0551_S.svg,20,40,38.808750
GE0356.jpg,GE0356.svg,75,75,38.872178
GE9042_2M.jpg,GE9042_2M.svg,40,40,38.876875
AC0423_L.jpg,AC0423_L.svg,40,40,38.878750
AC0820_M.jpg,AC0820_M.svg,20,20,38.900000
AC0261.jpg,AC0261.svg,31,31,38.902185
AC0731_M.jpg,AC0731_M.svg,20,35,38.938571
GE9034_2M.jpg,GE9034_2M.svg,40,40,38.953750
GE0013_S.jpg,GE0013_S.svg,50,50,38.968000
b_heating1.JPG,b_heating1.svg,51,51,39.003076
GE0022.jpg,GE0022.svg,73,73,39.027397
AC0712_L.jpg,AC0712_L.svg,45,25,39.031111
AC0724_L.jpg,AC0724_L.svg,45,25,39.036444
AC0734_L.jpg,AC0734_L.svg,45,25,39.041778
weather02.jpg,weather02.svg,61,61,39.043537
AC5010_L.jpg,AC5010_L.svg,135,260,39.104131
L60x_TSPF.jpg,L60x_TSPF.svg,100,100,39.105000
GE9014_6S.jpg,GE9014_6S.svg,30,10,39.116667
AC0714_S.jpg,AC0714_S.svg,25,15,39.152000
GE0024.jpg,GE0024.svg,73,73,39.201539
AC0820_S.jpg,AC0820_S.svg,15,15,39.204444
HW0010.JPG,HW0010.svg,82,160,39.243064
AC0214_S.jpg,AC0214_S.svg,25,20,39.282000
AC0722_L.jpg,AC0722_L.svg,45,25,39.315556
AC0732_M.jpg,AC0732_M.svg,35,20,39.371429
GE9023_4M.jpg,GE9023_4M.svg,20,60,39.391667
AC0404_1L_sia.jpg,AC0404_1L_sia.svg,40,40,39.394375
AC0712_S.jpg,AC0712_S.svg,25,15,39.400000
AC0930_M.jpg,AC0930_M.svg,20,20,39.410000
AC0211_L.jpg,AC0211_L.svg,50,65,39.425538
AC0701_M.jpg,AC0701_M.svg,20,35,39.430000
GE0037.jpg,GE0037.svg,54,36,39.521091
AC0732_L.jpg,AC0732_L.svg,45,25,39.552000
AC0201_L.jpg,AC0201_L.svg,50,65,39.568923
AC0403_S.jpg,AC0403_S.svg,20,20,39.635000
AC0733_S.jpg,AC0733_S.svg,15,25,39.653333
AC0401_1L_sia.jpg,AC0401_1L_sia.svg,40,40,39.664375
AC0232_S.jpg,AC0232_S.svg,30,20,39.670000
GE9000.jpg,GE9000.svg,25,35,39.692571
GE9044_6S.jpg,GE9044_6S.svg,20,20,39.695000
AC0204_L.jpg,AC0204_L.svg,65,50,39.776923
AC0402_S.jpg,AC0402_S.svg,20,20,39.797500
GE9044_5M.jpg,GE9044_5M.svg,40,40,39.817500
GE0020.jpg,GE0020.svg,73,73,39.821355
GE9044_3M.jpg,GE9044_3M.svg,40,40,39.842500
GE0023.jpg,GE0023.svg,73,73,39.857196
AC0713_L.jpg,AC0713_L.svg,25,45,39.920000
GE0033_M.jpg,GE0033_M.svg,60,60,39.926944
AC0512_L.jpg,AC0512_L.svg,80,40,39.928125
AC0233_S.jpg,AC0233_S.svg,20,30,39.955000
GE0308.jpg,GE0308.svg,75,75,39.976533
AC0532_M.jpg,AC0532_M.svg,60,30,40.051111
GE0036.jpg,GE0036.svg,53,36,40.058700
GE9032_6S.jpg,GE9032_6S.svg,20,20,40.077500
AC0422_L.jpg,AC0422_L.svg,40,40,40.120000
AC0234_S.jpg,AC0234_S.svg,30,20,40.141667
AR0084.jpg,AR0084.svg,46,33,40.166667
GE9006_2M.jpg,GE9006_2M.svg,20,20,40.195000
AC0811_S.jpg,AC0811_S.svg,15,25,40.205333
GE0021.jpg,GE0021.svg,73,73,40.216551
AC0511_L.jpg,AC0511_L.svg,40,80,40.222187
z_243.jpg,z_243.svg,28,11,40.230519
AC0404_S_sia.jpg,AC0404_S_sia.svg,20,20,40.232500
GE0204_S.jpg,GE0204_S.svg,50,50,40.241600
GE0037_L.jpg,GE0037_L.svg,70,70,40.243061
AC0870_S.jpg,AC0870_S.svg,15,15,40.248889
SE0114.jpg,SE0114.svg,40,25,40.276000
AC0723_L.jpg,AC0723_L.svg,25,45,40.281778
AC0521_L.jpg,AC0521_L.svg,40,80,40.330000
AC0722_S.jpg,AC0722_S.svg,25,15,40.336000
AC0151_S.jpg,AC0151_S.svg,30,110,40.340909
z_247.jpg,z_247.svg,28,11,40.344156
GE0033_S.jpg,GE0033_S.svg,50,50,40.354000
GE9021_3M.jpg,GE9021_3M.svg,20,60,40.360000
AC0920_S.jpg,AC0920_S.svg,15,15,40.382222
GE0036_L.jpg,GE0036_L.svg,70,70,40.430612
b_forward.jpg,b_forward.svg,51,51,40.437524
GE9024_1M.jpg,GE9024_1M.svg,60,20,40.450000
GE0039_L.jpg,GE0039_L.svg,70,70,40.456939
AC0713_S.jpg,AC0713_S.svg,15,25,40.466667
GE0308_M.jpg,GE0308_M.svg,60,60,40.480556
AC0553_L.jpg,AC0553_L.svg,40,80,40.493750
AC0733_M.jpg,AC0733_M.svg,20,35,40.495714
AC0233_M.jpg,AC0233_M.svg,30,45,40.502222
GE0038_M.jpg,GE0038_M.svg,60,60,40.506111
GE0038_L.jpg,GE0038_L.svg,70,70,40.507347
AC0532_S.jpg,AC0532_S.svg,40,20,40.507500
GE9032_2S.jpg,GE9032_2S.svg,20,20,40.520000
AC0403_1L_sia.jpg,AC0403_1L_sia.svg,40,40,40.546250
GE0037_M.jpg,GE0037_M.svg,60,60,40.580278
GE0038_S.jpg,GE0038_S.svg,50,50,40.581600
GE9031_1M.jpg,GE9031_1M.svg,40,40,40.593125
AC0522_L.jpg,AC0522_L.svg,80,40,40.604062
AC0702_L.jpg,AC0702_L.svg,45,25,40.614222
GE0039_M.jpg,GE0039_M.svg,60,60,40.619444
AC0531_L.jpg,AC0531_L.svg,40,80,40.661563
GE0036_M.jpg,GE0036_M.svg,60,60,40.663333
GE0033_L.jpg,GE0033_L.svg,70,70,40.702653
AC0732_S.jpg,AC0732_S.svg,25,15,40.714667
GE0347.jpg,GE0347.svg,75,75,40.807289
GE0040_S.jpg,GE0040_S.svg,50,50,40.816800
AC0100_M.jpg,AC0100_M.svg,30,60,40.818333
AC0404_M.jpg,AC0404_M.svg,30,30,40.821111
GE0040_L.jpg,GE0040_L.svg,70,70,40.836122
GE0037_S.jpg,GE0037_S.svg,50,50,40.838400
GE9041_3M.jpg,GE9041_3M.svg,40,40,40.843750
GE1001_S.jpg,GE1001_S.svg,20,20,40.865000
GE0039_S.jpg,GE0039_S.svg,50,50,40.892400
GE0036_S.jpg,GE0036_S.svg,50,50,40.922800
DLG0030.jpg,DLG0030.svg,24,24,41.090278
AC0711_S.jpg,AC0711_S.svg,15,25,41.128000
b_back.jpg,b_back.svg,51,51,41.135333
AC5010_S.jpg,AC5010_S.svg,85,160,41.135956
AC0234_M.jpg,AC0234_M.svg,45,30,41.184444
GE0040_M.jpg,GE0040_M.svg,60,60,41.202500
GE9044_1S.jpg,GE9044_1S.svg,20,20,41.217500
GE9002_5M.jpg,GE9002_5M.svg,120,20,41.240417
SE0010.jpg,SE0010.svg,25,26,41.306154
AC0403_1M_sia.jpg,AC0403_1M_sia.svg,30,30,41.315556
AC0511_M.jpg,AC0511_M.svg,30,60,41.369444
AC0731_L.jpg,AC0731_L.svg,25,45,41.430222
AC0842_S.jpg,AC0842_S.svg,25,15,41.448000
AC0401_1M_sia.jpg,AC0401_1M_sia.svg,30,30,41.501111
AC0233_L.jpg,AC0233_L.svg,50,75,41.676533
z_300.jpg,z_300.svg,19,14,41.680451
AC0552_L.jpg,AC0552_L.svg,80,40,41.688125
AC0554_L.jpg,AC0554_L.svg,80,40,41.700625
GE9002_1S.jpg,GE9002_1S.svg,60,10,41.733333
GE0308_S.jpg,GE0308_S.svg,50,50,41.786400
DLG0051.jpg,DLG0051.svg,20,20,41.852500
AC0153.jpg,AC0153.svg,74,230,41.852526
AC0401_L.jpg,AC0401_L.svg,40,40,41.854375
AC0304_1S_sia.jpg,AC0304_1S_sia.svg,40,40,41.863750
AC0914_M.jpg,AC0914_M.svg,35,20,41.905714
AC0704_S.jpg,AC0704_S.svg,25,15,41.952000
AC0404_1M_sia.jpg,AC0404_1M_sia.svg,30,30,41.963333
AC0531_S.jpg,AC0531_S.svg,20,40,41.993750
AC0551_L.jpg,AC0551_L.svg,40,80,42.025000
GE0308_L.jpg,GE0308_L.svg,70,70,42.071633
GE9014_2M.jpg,GE9014_2M.svg,60,20,42.083333
SE0051.jpg,SE0051.svg,25,39,42.129231
AC0401_S.jpg,AC0401_S.svg,20,20,42.130000
GE1001_L.jpg,GE1001_L.svg,30,30,42.151111
AC0404_S.jpg,AC0404_S.svg,20,20,42.210000
AR0082.jpg,AR0082.svg,45,33,42.416835
GE0310.jpg,GE0310.svg,75,75,42.441956
AR0110.jpg,AR0110.svg,40,80,42.475000
GE1410_S.jpg,GE1410_S.svg,15,15,42.484444
GE1420_S.jpg,GE1420_S.svg,20,20,42.502500
GE9024_4M.jpg,GE9024_4M.svg,60,20,42.532500
GE0026.jpg,GE0026.svg,73,73,42.557515
GE0034_L.jpg,GE0034_L.svg,70,70,42.653878
SE0091.jpg,SE0091.svg,24,38,42.672149
GE0001_1_S.jpg,GE0001_1_S.svg,50,50,42.704400
AC0402_1M_sia.jpg,AC0402_1M_sia.svg,30,30,42.767778
AC0110.jpg,AC0110.svg,40,80,42.776875
AC0701_L.jpg,AC0701_L.svg,25,45,42.788444
AC0711_L.jpg,AC0711_L.svg,25,45,42.855111
AC0404_L.jpg,AC0404_L.svg,40,40,42.875625
GE9033_2S.jpg,GE9033_2S.svg,20,20,42.965000
SE0074.jpg,SE0074.svg,36,25,42.980000
GE0015_S.jpg,GE0015_S.svg,50,50,43.020400
GE9011_2S.jpg,GE9011_2S.svg,10,30,43.023333
AC0404_M_sia.jpg,AC0404_M_sia.svg,30,30,43.051111
GE1001_M.jpg,GE1001_M.svg,25,25,43.091200
GE0041_M-81.jpg,GE0041_M-81.svg,70,70,43.094490
AC0913_M.jpg,AC0913_M.svg,20,35,43.190000
GE0015_M.jpg,GE0015_M.svg,60,60,43.191389
GE0018.jpg,GE0018.svg,73,73,43.225183
AR0041.jpg,AR0041.svg,33,52,43.261072
GE0028.jpg,GE0028.svg,73,73,43.279227
SE0093.jpg,SE0093.svg,24,39,43.434829
DLG0060.jpg,DLG0060.svg,25,25,43.556800
AC0734_M.jpg,AC0734_M.svg,35,20,43.681429
AC0701_S.jpg,AC0701_S.svg,15,25,43.690667
GE0304.jpg,GE0304.svg,72,71,43.696987
AC0412_L.jpg,AC0412_L.svg,40,40,43.740625
AC0831_M.jpg,AC0831_M.svg,20,35,43.741429
AC0402_1L_sia.jpg,AC0402_1L_sia.svg,40,40,43.770000
AC0402_1S_sia.jpg,AC0402_1S_sia.svg,20,20,43.867500
GE9006_6S.jpg,GE9006_6S.svg,10,10,43.880000
AC0402_M.jpg,AC0402_M.svg,30,30,43.882222
GE0015_L.jpg,GE0015_L.svg,70,70,43.914694
AC0302_1M_sia.jpg,AC0302_1M_sia.svg,60,60,43.960556
GE9011_1M.jpg,GE9011_1M.svg,20,60,43.970000
AC0301_1S_sia.jpg,AC0301_1S_sia.svg,40,40,43.976250
GE9021_4M.jpg,GE9021_4M.svg,20,60,44.006667
L60x_LCD.jpg,L60x_LCD.svg,100,100,44.046100
AC0301_1M_sia.jpg,AC0301_1M_sia.svg,60,60,44.100556
GE9034_2S.jpg,GE9034_2S.svg,20,20,44.182500
AC0403_1S_sia.jpg,AC0403_1S_sia.svg,20,20,44.217500
AC0303_1S_sia.jpg,AC0303_1S_sia.svg,40,40,44.220000
GE0034_M.jpg,GE0034_M.svg,60,60,44.230556
GE9043_4M.jpg,GE9043_4M.svg,40,40,44.256250
GE9005_1M.jpg,GE9005_1M.svg,20,20,44.300000
AC0703_L.jpg,AC0703_L.svg,25,45,44.307556
Rail.jpg,Rail.svg,258,70,44.309468
GE9002_3M.jpg,GE9002_3M.svg,120,20,44.450833
AR0100.jpg,AR0100.svg,25,25,44.481600
GE1420_M.jpg,GE1420_M.svg,25,25,44.497600
AC0401_1S_sia.jpg,AC0401_1S_sia.svg,20,20,44.507500
SE0120.jpg,SE0120.svg,25,25,44.532800
AC0721_L.jpg,AC0721_L.svg,25,45,44.555556
GE0346.jpg,GE0346.svg,75,75,44.556089
AC0234_L.jpg,AC0234_L.svg,75,50,44.635467
AC0835_M.jpg,AC0835_M.svg,20,20,44.670000
AC0881_M.jpg,AC0881_M.svg,20,35,44.675714
GE0041_S.jpg,GE0041_S.svg,50,50,44.676000
SE0063.jpg,SE0063.svg,25,40,44.697000
AC0403_L.jpg,AC0403_L.svg,40,40,44.733750
ALE3.jpg,ALE3.svg,85,96,44.817402
AWD3.jpg,AWD3.svg,85,96,44.817402
NAV0017.JPG,NAV0017.svg,45,30,44.822222
AC0403_1_L.jpg,AC0403_1_L.svg,40,40,44.873125
AC0232_M.jpg,AC0232_M.svg,45,30,44.897037
GE9021_1S.jpg,GE9021_1S.svg,10,30,44.973333
GE9031_2M.jpg,GE9031_2M.svg,40,40,44.985000
GE0034_S.jpg,GE0034_S.svg,50,50,44.993200
AC0302_1S_sia.jpg,AC0302_1S_sia.svg,40,40,45.002500
AC0252_1.jpg,AC0252_1.svg,31,31,45.087409
SE0053.jpg,SE0053.svg,25,40,45.117000
GE9902_M.jpg,GE9902_M.svg,800,600,45.139208
AC0253_1.jpg,AC0253_1.svg,31,31,45.159209
GE9902_L.jpg,GE9902_L.svg,1024,768,45.163077
GE9902_S.jpg,GE9902_S.svg,640,480,45.196878
GE9011_6S.jpg,GE9011_6S.svg,10,30,45.200000
AC0203.jpg,AC0203.svg,50,50,45.230800
GE0305.jpg,GE0305.svg,75,75,45.285689
GE9034_6M.jpg,GE9034_6M.svg,40,40,45.345000
AC0402_1_L.jpg,AC0402_1_L.svg,40,40,45.355000
AC0231_M.jpg,AC0231_M.svg,30,45,45.428148
GE0041_M.jpg,GE0041_M.svg,60,60,45.453611
GE0001_1_M.jpg,GE0001_1_M.svg,60,60,45.458056
AC0402_L.jpg,AC0402_L.svg,40,40,45.466875
GE9012_6M.jpg,GE9012_6M.svg,60,20,45.502500
AC0402_1_M.jpg,AC0402_1_M.svg,30,30,45.586667
AC0403_1_M.jpg,AC0403_1_M.svg,30,30,45.603333
SE0064.jpg,SE0064.svg,36,25,45.627778
z_207.jpg,z_207.svg,6,68,45.664216
GE9043_2M.jpg,GE9043_2M.svg,40,40,45.667500
GE0031_L.jpg,GE0031_L.svg,70,70,45.746531
GE0041_L.jpg,GE0041_L.svg,70,70,45.817959
AR0104.jpg,AR0104.svg,40,25,45.836000
AC0401_M.jpg,AC0401_M.svg,30,30,45.853333
AC0403_M.jpg,AC0403_M.svg,30,30,45.882222
SE0110.jpg,SE0110.svg,25,26,45.950769
SE0081.jpg,SE0081.svg,25,39,46.012308
GE0353.jpg,GE0353.svg,75,75,46.083022
GE0031_M.jpg,GE0031_M.svg,60,60,46.106389
GE0031_S.jpg,GE0031_S.svg,50,50,46.149600
AC0231_L.jpg,AC0231_L.svg,50,75,46.164000
AC0304_1M_sia.jpg,AC0304_1M_sia.svg,60,60,46.246944
AC0850_S.jpg,AC0850_S.svg,15,15,46.262222
GE0025.jpg,GE0025.svg,73,73,46.289172
GE0350.jpg,GE0350.svg,75,75,46.335289
SE0021.jpg,SE0021.svg,25,39,46.432821
GE0003_S.jpg,GE0003_S.svg,50,50,46.501200
L60x.jpg,L60x.svg,100,83,46.522771
SE0084.jpg,SE0084.svg,36,25,46.572222
GE9022_1M.jpg,GE9022_1M.svg,60,20,46.615000
AC0020_L.jpg,AC0020_L.svg,40,140,46.645893
AC0920_M.jpg,AC0920_M.svg,20,20,46.675000
AC0213_S.jpg,AC0213_S.svg,20,25,46.690000
AC0840_S.jpg,AC0840_S.svg,15,15,46.760000
GE0003_M.jpg,GE0003_M.svg,60,60,46.767500
AC0541_M.jpg,AC0541_M.svg,30,30,46.807778
AC0232_L.jpg,AC0232_L.svg,75,50,46.917600
GE0001_1_L.jpg,GE0001_1_L.svg,70,70,46.950612
AC0050_L.jpg,AC0050_L.svg,40,140,47.035536
AC0402_S_sia.jpg,AC0402_S_sia.svg,20,20,47.047500
GE0027.jpg,GE0027.svg,73,73,47.120848
GE9001_5M.jpg,GE9001_5M.svg,20,120,47.170000
GE9002_2S.jpg,GE9002_2S.svg,60,10,47.180000
GE9013_6S.jpg,GE9013_6S.svg,10,30,47.240000
GE9001_1S.jpg,GE9001_1S.svg,10,60,47.258333
GE9001_3M.jpg,GE9001_3M.svg,20,120,47.290000
AC0910_S.jpg,AC0910_S.svg,15,15,47.333333
AC0404_1S_sia.jpg,AC0404_1S_sia.svg,20,20,47.355000
AC0402_1_S.jpg,AC0402_1_S.svg,20,20,47.390000
SE0041.jpg,SE0041.svg,28,44,47.467532
SE0071.jpg,SE0071.svg,25,39,47.533333
GE0029.jpg,GE0029.svg,73,73,47.618315
AC1000_S.jpg,AC1000_S.svg,15,15,47.631111
GE9024_2S.jpg,GE9024_2S.svg,30,10,47.673333
AC0404_1_L.jpg,AC0404_1_L.svg,40,40,47.673750
AC0403_1_S.jpg,AC0403_1_S.svg,20,20,47.907500
AC0401_1_L.jpg,AC0401_1_L.svg,40,40,47.960000
GE9043_2S.jpg,GE9043_2S.svg,20,20,48.162500
DLG0061.jpg,DLG0061.svg,20,20,48.172500
GE9014_6M.jpg,GE9014_6M.svg,60,20,48.205000
AC0030_S.jpg,AC0030_S.svg,30,80,48.217917
AC0120_S.jpg,AC0120_S.svg,20,40,48.253750
AC0212_M.jpg,AC0212_M.svg,40,30,48.255833
AC0401_1_M.jpg,AC0401_1_M.svg,30,30,48.336667
SE0083.jpg,SE0083.svg,25,40,48.402000
AC0404_1_M.jpg,AC0404_1_M.svg,30,30,48.432222
AC0040_S.jpg,AC0040_S.svg,30,80,48.450000
AC0845_S.jpg,AC0845_S.svg,15,15,48.488889
AC0214_M.jpg,AC0214_M.svg,40,30,48.584167
AC0254_1.jpg,AC0254_1.svg,31,31,48.616025
AC0835_S.jpg,AC0835_S.svg,15,15,48.662222
GE9011_2M.jpg,GE9011_2M.svg,20,60,48.741667
GE0307.jpg,GE0307.svg,75,75,48.864178
AC0110_S.jpg,AC0110_S.svg,20,40,49.070000
AC0542_S.jpg,AC0542_S.svg,20,20,49.260000
AC0532_L.jpg,AC0532_L.svg,80,40,49.300312
SE0082.jpg,SE0082.svg,35,24,49.428571
AC0213_M.jpg,AC0213_M.svg,30,40,49.462500
AC0850_M.jpg,AC0850_M.svg,20,20,49.492500
AC0212_L.jpg,AC0212_L.svg,65,50,49.533538
AC5000_S_HZ.jpg,AC5000_S_HZ.svg,57,40,49.639474
AC0213_L.jpg,AC0213_L.svg,50,65,49.693231
Sign_07.jpg,Sign_07.svg,32,32,49.784180
AC0203_L_sia.jpg,AC0203_L_sia.svg,50,65,49.796308
z_201.jpg,z_201.svg,68,6,49.803922
GE9005_2M.jpg,GE9005_2M.svg,20,20,49.872500
AC0404_1_S.jpg,AC0404_1_S.svg,20,20,50.005000
GE1420_L.jpg,GE1420_L.svg,30,30,50.014444
AC0251_1.jpg,AC0251_1.svg,31,31,50.072841
AC0301_S_sia.jpg,AC0301_S_sia.svg,40,40,50.085000
GE0349.jpg,GE0349.svg,75,75,50.086222
AC0304_S_sia.jpg,AC0304_S_sia.svg,40,40,50.096875
GE9013_1M.jpg,GE9013_1M.svg,20,60,50.338333
AR0140.jpg,AR0140.svg,40,40,50.340625
AC0501_S.jpg,AC0501_S.svg,20,40,50.455000
GE9033_6S.jpg,GE9033_6S.svg,20,20,50.567500
SE0061.jpg,SE0061.svg,25,38,50.595789
z_212.jpg,z_212.svg,6,68,50.620098
GE9024_2M.jpg,GE9024_2M.svg,60,20,50.640000
AC0401_1_S.jpg,AC0401_1_S.svg,20,20,50.650000
AC0541_S.jpg,AC0541_S.svg,20,20,50.680000
AC5020_S.jpg,AC5020_S.svg,150,110,50.758727
AC0800_M.jpg,AC0800_M.svg,20,20,50.760000
AC0303_1M_sia.jpg,AC0303_1M_sia.svg,60,60,50.771389
GE9022_2S.jpg,GE9022_2S.svg,30,10,50.806667
GE9042_6M.jpg,GE9042_6M.svg,40,40,50.825000
AC0214_L.jpg,AC0214_L.svg,65,50,50.862154
AC0910_M.jpg,AC0910_M.svg,20,20,50.955000
AC1000_M.jpg,AC1000_M.svg,20,20,51.015000
SE0104.jpg,SE0104.svg,40,25,51.126000
AC0911_L.jpg,AC0911_L.svg,25,45,51.220444
GE9022_2M.jpg,GE9022_2M.svg,60,20,51.321667
AC0846_L.jpg,AC0846_L.svg,25,45,51.352000
GE0309.jpg,GE0309.svg,75,75,51.470756
GE9006_1M.jpg,GE9006_1M.svg,20,20,51.595000
SE0073.jpg,SE0073.svg,25,40,51.633000
GE9001_2S.jpg,GE9001_2S.svg,10,60,51.833333
AC0303_S_sia.jpg,AC0303_S_sia.svg,40,40,52.120000
GE9002_4M.jpg,GE9002_4M.svg,120,20,52.123750
SE0122.jpg,SE0122.svg,39,25,52.169231
AC0704_L.jpg,AC0704_L.svg,45,25,52.183111
AC0840_M.jpg,AC0840_M.svg,20,20,52.247500
AC0845_M.jpg,AC0845_M.svg,20,20,52.587500
AC0302_S_sia.jpg,AC0302_S_sia.svg,40,40,52.595625
SE0062.jpg,SE0062.svg,35,25,52.686857
GE0303.jpg,GE0303.svg,75,75,52.757511
GE0300.jpg,GE0300.svg,75,75,52.798933
AC0541_L.jpg,AC0541_L.svg,40,40,52.924375
GE0019.jpg,GE0019.svg,73,73,53.054982
AC0920_L.jpg,AC0920_L.svg,25,25,53.096000
SE0052.jpg,SE0052.svg,35,24,53.196429
z_205.jpg,z_205.svg,68,6,53.208333
b_alarm.jpg,b_alarm.svg,51,51,53.241830
GE9032_1M.jpg,GE9032_1M.svg,40,40,53.256875
SE0054.jpg,SE0054.svg,36,24,53.305556
GE0306.jpg,GE0306.svg,75,75,53.307200
AC0302_M.jpg,AC0302_M.svg,60,60,53.340278
GE9011_6M.jpg,GE9011_6M.svg,20,60,53.410000
AC5020_M.jpg,AC5020_M.svg,240,180,53.416157
AC0910_L.jpg,AC0910_L.svg,25,25,53.454400
AC0836_L.jpg,AC0836_L.svg,25,45,53.466667
AC1001_M.jpg,AC1001_M.svg,20,35,53.557143
AC0835_L.jpg,AC0835_L.svg,25,25,53.649600
AC0301_M.jpg,AC0301_M.svg,60,60,53.671111
z_304.jpg,z_304.svg,19,13,53.708502
z_202.jpg,z_202.svg,68,6,53.747549
AC0820_L.jpg,AC0820_L.svg,30,30,53.824444
GE0348.jpg,GE0348.svg,75,75,53.892622
GE0352.jpg,GE0352.svg,75,75,53.895822
AC1000_L.jpg,AC1000_L.svg,30,30,53.922222
z_272.jpg,z_272.svg,13,19,54.190283
AC0870_L.jpg,AC0870_L.svg,30,30,54.402222
AC0553_M.jpg,AC0553_M.svg,30,60,54.452778
AC0301_M_sia.jpg,AC0301_M_sia.svg,60,60,54.577778
AC0140_S.jpg,AC0140_S.svg,30,110,54.614848
AC0303_M.jpg,AC0303_M.svg,60,60,54.636667
UserLogin.JPG,UserLogin.svg,61,62,54.713115
AC0304_M.jpg,AC0304_M.svg,60,60,54.818889
GE9034_6S.jpg,GE9034_6S.svg,20,20,54.860000
AC0845_L.jpg,AC0845_L.svg,25,25,54.923200
p_date.jpg,p_date.svg,22,22,54.954545
SE0022.jpg,SE0022.svg,36,24,54.973380
AC0150_S.jpg,AC0150_S.svg,30,110,55.112121
GE9022_6S.jpg,GE9022_6S.svg,30,10,55.133333
AC0302_M_sia.jpg,AC0302_M_sia.svg,60,60,55.182500
SE0072.jpg,SE0072.svg,35,25,55.341714
GE9023_1M.jpg,GE9023_1M.svg,20,60,55.482500
AC0542_L.jpg,AC0542_L.svg,40,40,55.551875
AC0303_M_sia.jpg,AC0303_M_sia.svg,60,60,55.589722
GE0001_M.jpg,GE0001_M.svg,60,60,55.781667
GE9002_6S.jpg,GE9002_6S.svg,60,10,55.833333
GE9013_2M.jpg,GE9013_2M.svg,20,60,55.885833
AC0304_M_sia.jpg,AC0304_M_sia.svg,60,60,55.907222
AC0301_L_sia.jpg,AC0301_L_sia.svg,80,80,55.946875
AC0502_L.jpg,AC0502_L.svg,80,40,56.219375
GE0001_S.jpg,GE0001_S.svg,50,50,56.227600
PC.jpg,PC.svg,175,173,56.561057
AC0814_M.jpg,AC0814_M.svg,35,20,56.688571
AC0304_L.jpg,AC0304_L.svg,80,80,56.773438
AC0304_L_sia.jpg,AC0304_L_sia.svg,80,80,56.878906
AC0840_L.jpg,AC0840_L.svg,30,30,56.881111
GE9024_6M.jpg,GE9024_6M.svg,60,20,56.884167
GE0003_L.jpg,GE0003_L.svg,70,70,56.979796
GE0001_L.jpg,GE0001_L.svg,70,70,57.040408
AC0303_L_sia.jpg,AC0303_L_sia.svg,80,80,57.090625
AC0303_L.jpg,AC0303_L.svg,80,80,57.184844
AC0301_L.jpg,AC0301_L.svg,80,80,57.215313
AC0542_M.jpg,AC0542_M.svg,30,30,57.310000
AC0302_L_sia.jpg,AC0302_L_sia.svg,80,80,57.511719
SE0024.jpg,SE0024.svg,35,24,57.576190
AC0302_L.jpg,AC0302_L.svg,80,80,57.714375
GE9024_6S.jpg,GE9024_6S.svg,30,10,58.073333
GE9022_6M.jpg,GE9022_6M.svg,60,20,58.143333
GE9041_6M.jpg,GE9041_6M.svg,40,40,58.195000
AC0850_L.jpg,AC0850_L.svg,30,30,58.346667
AC0930_L.jpg,AC0930_L.svg,25,25,58.376000
AC0800_L.jpg,AC0800_L.svg,30,30,58.390000
GE9032_2M.jpg,GE9032_2M.svg,40,40,58.480000
AC0502_M.jpg,AC0502_M.svg,60,30,58.952778
AC0502_S.jpg,AC0502_S.svg,40,20,59.471250
AC0030_M.jpg,AC0030_M.svg,30,110,59.497879
GE9001_4M.jpg,GE9001_4M.svg,20,120,59.601667
AC0040_M.jpg,AC0040_M.svg,30,110,59.688788
AC0900_M.jpg,AC0900_M.svg,80,55,59.767045
SE0023.jpg,SE0023.svg,25,39,59.868718
AC0531_M.jpg,AC0531_M.svg,30,60,59.886667
GE0302.jpg,GE0302.svg,75,75,59.980978
AC0901_S.jpg,AC0901_S.svg,60,40,60.156667
SemALE3.jpg,SemALE3.svg,179,207,60.303889
SemAWD3.jpg,SemAWD3.svg,179,207,60.303889
AC1001_L.jpg,AC1001_L.svg,25,45,60.650667
AC0861_L.jpg,AC0861_L.svg,25,45,61.490667
AC5020_L.jpg,AC5020_L.svg,310,230,61.543240
GE9031_6M.jpg,GE9031_6M.svg,40,40,61.568125
AC0150_L.jpg,AC0150_L.svg,60,400,62.168000
z_208.jpg,z_208.svg,6,68,62.323529
AC0140_L.jpg,AC0140_L.svg,60,400,62.428375
AC0901_M.jpg,AC0901_M.svg,80,55,62.721364
GE9023_2M.jpg,GE9023_2M.svg,20,60,62.885000
AC5000_M.jpg,AC5000_M.svg,80,55,62.977045
GE9001_6S.jpg,GE9001_6S.svg,10,60,63.113333
GE0013.jpg,GE0013.svg,29,31,63.177976
AC0140_M.jpg,AC0140_M.svg,50,230,63.343217
AC0150_M.jpg,AC0150_M.svg,50,230,63.410087
GE9006_6M.jpg,GE9006_6M.svg,20,20,63.520000
AC0090_L.jpg,AC0090_L.svg,40,140,63.681964
AC0060_L.jpg,AC0060_L.svg,40,140,63.749821
GE9033_1M.jpg,GE9033_1M.svg,40,40,63.956250
GE9013_6M.jpg,GE9013_6M.svg,20,60,64.316667
AC0562_sia_M.jpg,AC0562_sia_M.svg,60,30,64.878333
GE9021_1M.jpg,GE9021_1M.svg,20,60,65.292500
SemALD1.jpg,SemALD1.svg,54,207,65.354894
PCD3.JPG,PCD3.svg,527,296,65.671259
AC0901_L.jpg,AC0901_L.svg,100,70,65.699571
AC0900_L.jpg,AC0900_L.svg,100,70,65.935286
GE9043_6M.jpg,GE9043_6M.svg,40,40,66.082500
GE9033_6M.jpg,GE9033_6M.svg,40,40,66.820000
GE9032_6M.jpg,GE9032_6M.svg,40,40,67.453750
AC5000_L.jpg,AC5000_L.svg,100,70,67.770571
GE9041_2M.jpg,GE9041_2M.svg,40,40,67.900000
PCD.jpg,PCD.svg,154,115,69.937832
GE9021_2M.jpg,GE9021_2M.svg,20,60,70.345833
GE9023_6M.jpg,GE9023_6M.svg,20,60,70.699167
AC0070_S.jpg,AC0070_S.svg,30,80,70.901667
AC0080_S.jpg,AC0080_S.svg,30,80,71.285833
GE9002_1M.jpg,GE9002_1M.svg,120,20,71.383333
GE9033_2M.jpg,GE9033_2M.svg,40,40,73.290625
AC5040_L.jpg,AC5040_L.svg,225,210,73.354624
AC5041_M.jpg,AC5041_M.svg,150,140,73.552905
GE9013_7M.jpg,GE9013_7M.svg,20,60,73.560000
AC0090_S.jpg,AC0090_S.svg,30,80,73.621667
AC0060_S.jpg,AC0060_S.svg,30,80,73.803333
AC5040_S.jpg,AC5040_S.svg,100,95,73.941158
AC5040_M.jpg,AC5040_M.svg,150,140,74.222429
ALD1.jpg,ALD1.svg,30,135,74.477284
AC0090_M.jpg,AC0090_M.svg,30,110,75.105455
AC0060_M.jpg,AC0060_M.svg,30,110,75.275152
AC0562_sia_L.jpg,AC0562_sia_L.svg,80,40,76.665937
GE9044_2M.jpg,GE9044_2M.svg,40,40,77.141250
AC0900_S.jpg,AC0900_S.svg,60,40,77.384583
GE9001_1M.jpg,GE9001_1M.svg,20,120,77.573333
AC0024.jpg,AC0024.svg,35,111,77.601544
GE9044_6M.jpg,GE9044_6M.svg,40,40,79.705000
GE1410_L.jpg,GE1410_L.svg,25,25,80.236800
DLG0021.jpg,DLG0021.svg,24,24,80.803819
DLG0031.jpg,DLG0031.svg,24,24,80.803819
GE9013_5S.jpg,GE9013_5S.svg,10,30,81.400000
GE9021_6M.jpg,GE9021_6M.svg,20,60,82.190000
GE9013_4S.jpg,GE9013_4S.svg,10,30,82.696667
GE9002_2M.jpg,GE9002_2M.svg,120,20,83.935000
GE9013_3S.jpg,GE9013_3S.svg,10,30,84.250000
GE9011_5S.jpg,GE9011_5S.svg,10,30,84.300000
AC0030_L.jpg,AC0030_L.svg,40,140,84.987679
GE9011_4S.jpg,GE9011_4S.svg,10,30,85.686667
AC0040_L.jpg,AC0040_L.svg,40,140,85.834464
GE9011_3S.jpg,GE9011_3S.svg,10,30,86.746667
GE9002_6M.jpg,GE9002_6M.svg,120,20,87.211667
GE9013_7S.jpg,GE9013_7S.svg,10,30,87.763333
GE9023_6S.jpg,GE9023_6S.svg,10,30,87.916667
GE9021_6S.jpg,GE9021_6S.svg,10,30,88.240000
GE9011_7S.jpg,GE9011_7S.svg,10,30,90.403333
AR0110_1.jpg,AR0110_1.svg,40,80,91.559062
GE9023_2S.jpg,GE9023_2S.svg,10,30,92.703333
GE9021_2S.jpg,GE9021_2S.svg,10,30,93.026667
GE9001_2M.jpg,GE9001_2M.svg,20,120,94.255417
AR0030_1.jpg,AR0030_1.svg,40,80,95.151250
GE9001_6M.jpg,GE9001_6M.svg,20,120,95.764167
AC0023.jpg,AC0023.svg,35,111,97.695495
AC0150_1.jpg,AC0150_1.svg,40,80,98.240000
GE9021_5S.jpg,GE9021_5S.svg,10,30,100.406667
AC0022.jpg,AC0022.svg,36,111,100.854354
GE9023_4S.jpg,GE9023_4S.svg,10,30,100.856667
GE9021_4S.jpg,GE9021_4S.svg,10,30,101.056667
GE9023_5S.jpg,GE9023_5S.svg,10,30,101.576667
GE9021_3S.jpg,GE9021_3S.svg,10,30,102.220000
AC0021.jpg,AC0021.svg,36,111,102.265015
GE9023_3S.jpg,GE9023_3S.svg,10,30,102.416667
GE9023_7S.jpg,GE9023_7S.svg,10,30,108.486667
GE9021_7S.jpg,GE9021_7S.svg,10,30,108.496667
AC0531_1_S.jpg,AC0531_1_S.svg,20,40,108.546250
AC0531_1_M - Kopie (2).jpg,AC0531_1_M - Kopie (2).svg,30,60,109.949444
AC0531_1_M - Kopie.jpg,AC0531_1_M - Kopie.svg,30,60,109.949444
AC0531_1_M.jpg,AC0531_1_M.svg,30,60,109.949444
AC0531_1_L.jpg,AC0531_1_L.svg,40,80,109.955000
AC100_1_M.jpg,AC100_1_M.svg,30,60,113.258889
AR0110_2.jpg,AR0110_2.svg,40,80,115.042187
AC0501_1_L.jpg,AC0501_1_L.svg,40,80,115.260625
AR0030_2.jpg,AR0030_2.svg,40,80,117.428438
AC0511_1_S.jpg,AC0511_1_S.svg,20,40,117.665000
AC0511_1_L.jpg,AC0511_1_L.svg,40,80,118.780937
AC0551_1_L.jpg,AC0551_1_L.svg,40,80,119.065000
AC0553_1_L.jpg,AC0553_1_L.svg,40,80,119.081563
AC0511_1_M.jpg,AC0511_1_M.svg,30,60,119.379444
AC0150_2.jpg,AC0150_2.svg,40,80,120.787813
AC0531_2_S.jpg,AC0531_2_S.svg,20,40,136.948750
AC0531_2_L.jpg,AC0531_2_L.svg,40,80,138.548125
AC0531_2_M.jpg,AC0531_2_M.svg,30,60,138.756667
AC0501_2_L.jpg,AC0501_2_L.svg,40,80,142.362500
AC0551_2_L.jpg,AC0551_2_L.svg,40,80,146.852500
AC0553_2_L.jpg,AC0553_2_L.svg,40,80,146.994375
AC0551_2_M.jpg,AC0551_2_M.svg,30,60,153.703333
AC0553_2_M.jpg,AC0553_2_M.svg,30,60,153.817222
AC0130.jpg,AC0130.svg,40,80,157.004687
AC0030.jpg,AC0030.svg,40,80,159.430937
AR0030.jpg,AR0030.svg,40,80,161.699375
AC0010.jpg,AC0010.svg,40,80,162.706562
AC0011.jpg,AC0011.svg,40,80,162.706562
AC0120_L.jpg,AC0120_L.svg,40,80,188.670938
AC0110_L.jpg,AC0110_L.svg,40,80,193.925938
AC0120_M.jpg,AC0120_M.svg,30,60,195.440556
AC0100_L.jpg,AC0100_L.svg,40,80,198.605938
AC0501_L.jpg,AC0501_L.svg,40,80,199.141250
AC0110_M.jpg,AC0110_M.svg,30,60,200.543333
WT_L.jpg,WT_L.svg,40,80,203.412813
AC0100_S.jpg,AC0100_S.svg,20,40,204.165000
AC0501_M.jpg,AC0501_M.svg,30,60,205.718333
AC0561_sia_M.jpg,AC0561_sia_M.svg,30,60,209.052778
AC0561_sia_L.jpg,AC0561_sia_L.svg,40,80,210.066875
AC0572_M.jpg,AC0572_M.svg,30,60,213.345000
AC0572_S.jpg,AC0572_S.svg,20,40,214.157500
AC0572_L.jpg,AC0572_L.svg,40,80,214.315313
GE1401_S.jpg,GE1401_S.svg,20,30,215.088333
GE1403_S.jpg,GE1403_S.svg,20,30,215.101667
GE1403_L.jpg,GE1403_L.svg,30,45,217.011111
GE1401_L.jpg,GE1401_L.svg,30,45,217.048148
GE1401_M.jpg,GE1401_M.svg,25,35,218.432000
GE1403_M.jpg,GE1403_M.svg,25,35,218.501714
AC0VR2_M - Kopie.jpg,AC0VR2_M - Kopie.svg,30,60,221.198333
SH_Objekt1.jpg,SH_Objekt1.svg,30,60,221.198333
